type,id,mac,rssi,rate,sig_mode,mcs,bandwidth,smoothing,not_sounding,aggregation,stbc,fec_coding,sgi,noise_floor,ampdu_cnt,channel,secondary_channel,local_timestamp,ant,sig_len,rx_state,len,first_word,data
CSI_DATA,393047,24:0b:2a:96:72:01,-50,11,1,7,0,1,1,0,1,0,1,-96,0,6,0,-147745650,0,83,0,128,1,"[83,-80,4,0,-26,12,-29,12,-30,11,-31,11,-30,9,-28,8,-25,7,-22,7,-18,7,-14,7,-11,9,-8,10,-5,12,-2,15,-1,17,-1,18,0,19,-1,20,-1,20,-1,19,-2,17,-2,16,-2,14,-1,13,-1,12,0,2,0,0,0,0,0,0,0,0,0,0,0,0,0,0,0,0,0,0,1,-5,6,-17,7,-17,9,-16,10,-15,11,-13,10,-11,7,-9,4,-7,0,-6,-4,-7,-9,-8,-13,-11,-16,-14,-18,-18,-19,-21,-19,-24,-18,-26,-16,-27,-15,-26,-13,-24,-11,-21,-10,-17,-10,-12,-11,-7,-13,-2,-15,2]"
CSI_DATA,393048,24:0b:2a:96:72:01,-49,11,1,7,0,1,1,0,1,0,1,-96,0,6,0,-147736676,0,83,0,128,1,"[83,-80,4,0,-27,22,-30,23,-32,23,-33,22,-32,20,-30,18,-27,16,-23,14,-18,13,-14,13,-9,13,-5,14,-1,16,2,18,4,20,5,22,5,23,5,23,4,23,4,22,3,21,2,19,2,17,2,15,3,14,0,3,0,0,0,0,0,0,0,0,0,0,0,0,0,0,0,0,0,0,0,-6,1,-22,3,-23,5,-23,7,-21,8,-19,7,-16,5,-13,2,-10,-2,-8,-7,-7,-13,-7,-18,-9,-23,-12,-26,-15,-29,-19,-29,-22,-29,-24,-28,-26,-25,-26,-22,-24,-20,-21,-17,-17,-16,-11,-15,-5,-16,2,-17,7]"
CSI_DATA,393049,24:0b:2a:96:72:01,-49,11,1,7,0,1,1,0,1,0,0,-96,0,6,0,-147728950,0,83,0,128,1,"[83,-80,4,0,-11,-33,-11,-36,-10,-38,-9,-39,-7,-37,-6,-35,-6,-31,-5,-28,-6,-23,-7,-19,-9,-15,-12,-11,-15,-9,-18,-7,-20,-5,-22,-5,-24,-5,-24,-6,-24,-6,-23,-7,-22,-6,-19,-6,-17,-5,-16,-5,-15,-4,-4,-1,0,0,0,0,0,0,0,0,0,0,0,0,0,0,0,0,0,0,4,1,20,8,19,10,18,12,16,14,14,14,12,13,9,11,8,7,7,2,8,-3,10,-9,13,-13,17,-17,22,-19,26,-20,30,-20,32,-18,33,-17,33,-14,30,-12,26,-11,22,-10,16,-10,10,-12,4,-15,-1,-18]"
CSI_DATA,393050,24:0b:2a:96:72:01,-50,11,1,7,0,1,1,0,1,0,0,-96,0,6,0,-147722134,0,83,0,128,1,"[83,-80,4,0,-19,21,-21,23,-22,23,-23,23,-23,21,-22,19,-20,17,-18,16,-15,14,-11,13,-8,13,-4,13,-1,13,2,15,4,16,5,17,5,18,5,19,5,19,4,19,4,17,3,16,2,15,2,13,2,12,0,3,0,0,0,0,0,0,0,0,0,0,0,0,0,0,0,0,0,0,-2,-5,-7,-17,-5,-18,-3,-19,-1,-19,0,-18,1,-16,1,-13,-1,-10,-3,-7,-7,-5,-11,-3,-16,-3,-20,-4,-24,-6,-27,-8,-29,-10,-29,-13,-29,-14,-27,-15,-24,-15,-22,-13,-19,-11,-16,-7,-15,-2,-14,3,-14,7]"
CSI_DATA,393062,24:0b:2a:96:72:01,-49,11,1,7,0,1,1,0,1,0,0,-96,0,6,0,-147609730,0,83,0,128,1,"[83,-80,4,0,17,-29,19,-32,21,-32,23,-32,23,-30,22,-27,20,-25,17,-22,13,-20,9,-18,5,-17,0,-16,-4,-17,-7,-18,-10,-19,-11,-20,-13,-21,-13,-22,-12,-22,-11,-21,-10,-20,-9,-18,-8,-17,-8,-15,-8,-14,-2,-4,0,0,0,0,0,0,0,0,0,0,0,0,0,0,0,0,0,0,1,5,6,20,4,21,2,22,-1,22,-2,20,-3,18,-2,14,0,10,3,7,7,4,12,2,18,1,23,2,28,4,32,7,34,10,35,12,34,14,32,16,29,15,25,13,21,10,18,6,15,0,14,-7,13,-13]"
CSI_DATA,393063,24:0b:2a:96:72:01,-50,11,1,7,0,1,1,0,1,0,0,-96,0,6,0,-147597435,0,83,0,128,1,"[83,-80,4,0,-28,8,-31,8,-32,8,-32,6,-31,5,-29,4,-26,4,-22,4,-18,4,-15,6,-11,7,-8,10,-6,12,-4,15,-3,17,-3,19,-3,20,-4,20,-4,19,-5,18,-5,17,-5,15,-4,13,-3,12,-2,11,-1,2,0,0,0,0,0,0,0,0,0,0,0,0,0,0,0,0,0,0,1,-4,7,-16,9,-16,11,-15,12,-14,12,-12,10,-9,8,-8,4,-7,0,-7,-4,-7,-8,-9,-12,-12,-14,-16,-16,-20,-16,-23,-16,-26,-14,-28,-13,-29,-11,-28,-9,-26,-8,-22,-8,-18,-9,-13,-10,-8,-13,-3,-16,1]"
CSI_DATA,393064,24:0b:2a:96:72:01,-50,11,1,7,0,1,1,0,1,0,0,-96,0,6,0,-147587515,0,83,0,128,1,"[83,-80,4,0,16,24,16,26,16,27,15,28,14,27,12,25,11,22,10,19,9,16,9,12,10,8,11,4,13,1,15,-1,17,-3,18,-4,19,-4,20,-3,20,-3,19,-2,18,-2,16,-2,14,-2,12,-2,11,-2,2,-1,0,0,0,0,0,0,0,0,0,0,0,0,0,0,0,0,0,0,-5,-1,-18,-5,-18,-6,-17,-8,-16,-10,-14,-10,-12,-9,-9,-7,-8,-4,-6,0,-6,4,-7,9,-9,13,-12,16,-15,19,-18,20,-21,20,-24,20,-25,19,-24,17,-22,15,-19,13,-16,11,-11,10,-5,11,1,12,5,13]"
CSI_DATA,393065,24:0b:2a:96:72:01,-50,11,1,7,0,1,1,0,1,0,0,-96,0,6,0,-147577591,0,83,0,128,1,"[83,-80,4,0,3,-29,5,-31,6,-32,7,-32,7,-30,7,-28,7,-25,5,-22,3,-19,0,-16,-3,-14,-6,-12,-10,-11,-13,-10,-15,-11,-17,-11,-17,-12,-18,-12,-17,-12,-16,-12,-15,-12,-13,-10,-12,-9,-11,-8,-10,-7,-3,-2,0,0,0,0,0,0,0,0,0,0,0,0,0,0,0,0,0,0,2,3,10,14,8,15,7,16,5,16,3,15,2,13,2,11,3,7,4,3,7,0,11,-3,15,-5,19,-6,24,-5,27,-4,29,-2,30,0,30,1,28,2,25,3,22,2,18,1,14,-2,10,-6,7,-10,5,-15]"
CSI_DATA,393066,24:0b:2a:96:72:01,-50,11,1,7,0,1,1,0,1,0,0,-96,0,6,0,-147570957,0,83,0,128,1,"[83,-80,4,0,2,27,2,30,1,32,0,32,-1,31,-1,29,-2,26,-1,23,0,20,1,17,4,14,7,12,9,10,12,9,14,8,16,8,17,8,18,9,18,9,17,9,16,9,14,8,13,7,12,7,11,6,2,1,0,0,0,0,0,0,0,0,0,0,0,0,0,0,0,0,0,0,-4,-2,-16,-9,-16,-11,-15,-12,-13,-13,-11,-14,-10,-13,-8,-10,-7,-7,-7,-3,-8,1,-10,4,-13,8,-17,10,-21,12,-24,12,-27,11,-30,10,-30,9,-30,7,-27,6,-24,5,-21,5,-16,6,-12,8,-7,11,-4,14]"
CSI_DATA,393067,24:0b:2a:96:72:01,-50,11,1,7,0,1,1,0,1,0,0,-96,0,6,0,-147557093,0,83,0,128,1,"[83,-80,4,0,20,-21,22,-22,24,-22,25,-21,24,-20,23,-18,21,-16,17,-15,14,-13,10,-13,6,-13,3,-13,-1,-14,-3,-16,-5,-18,-6,-19,-6,-20,-6,-21,-5,-21,-5,-20,-4,-19,-3,-17,-3,-15,-3,-13,-4,-12,-1,-3,0,0,0,0,0,0,0,0,0,0,0,0,0,0,0,0,0,0,0,4,2,17,0,18,-2,18,-4,17,-5,16,-5,13,-4,11,-1,8,2,5,6,4,10,4,15,4,19,6,22,8,25,11,26,14,26,16,25,17,23,18,20,17,18,15,15,11,13,7,12,2,12,-4,13,-9]"
CSI_DATA,393068,24:0b:2a:96:72:01,-50,11,1,7,0,1,1,0,1,0,0,-96,0,6,0,-147548591,0,83,0,128,1,"[83,-80,4,0,-25,12,-28,13,-30,13,-30,12,-29,11,-28,9,-25,8,-22,8,-18,7,-15,8,-11,9,-8,10,-5,12,-3,14,-1,16,0,18,0,19,0,20,0,20,-1,19,-1,18,-2,16,-2,15,-1,13,0,12,0,3,0,0,0,0,0,0,0,0,0,0,0,0,0,0,0,0,0,0,1,-5,5,-17,6,-17,8,-16,10,-15,10,-13,9,-11,7,-9,4,-7,0,-6,-4,-6,-8,-8,-12,-10,-16,-13,-18,-17,-19,-20,-19,-23,-19,-25,-17,-26,-16,-26,-14,-24,-12,-21,-11,-17,-11,-13,-11,-8,-13,-2,-14,2]"
CSI_DATA,393069,24:0b:2a:96:72:01,-50,11,1,7,0,1,1,0,1,0,0,-96,0,6,0,-147541111,0,83,0,128,1,"[83,-80,4,0,3,-28,4,-31,5,-32,7,-32,7,-31,8,-29,7,-27,6,-24,5,-21,2,-19,-1,-16,-4,-14,-7,-13,-10,-13,-12,-13,-14,-13,-15,-14,-16,-14,-15,-15,-15,-15,-14,-14,-12,-13,-11,-12,-10,-11,-10,-11,-3,-3,0,0,0,0,0,0,0,0,0,0,0,0,0,0,0,0,0,0,3,2,14,10,13,12,11,13,10,14,8,14,6,13,5,11,5,8,5,4,7,0,10,-4,13,-6,18,-8,22,-8,25,-8,28,-7,30,-6,30,-4,29,-2,27,-1,24,-1,21,-2,17,-3,13,-6,9,-10,7,-14]"
CSI_DATA,393070,24:0b:2a:96:72:01,-49,11,1,7,0,1,1,0,1,0,0,-96,0,6,0,-147533252,0,83,0,128,1,"[83,-80,4,0,-16,29,-18,32,-20,33,-21,33,-21,31,-21,28,-19,26,-17,24,-13,21,-10,18,-5,17,0,16,4,15,7,16,10,17,12,18,13,19,13,20,13,20,12,20,11,19,10,17,9,15,8,14,8,13,2,3,0,0,0,0,0,0,0,0,0,0,0,0,0,0,0,0,0,0,-3,-5,-8,-20,-7,-22,-4,-23,-2,-22,0,-21,1,-19,0,-15,-1,-11,-4,-8,-8,-4,-13,-2,-19,-1,-24,-2,-29,-3,-33,-5,-35,-8,-37,-11,-36,-13,-34,-14,-31,-14,-27,-13,-24,-10,-20,-5,-17,0,-15,6,-14,12]"
CSI_DATA,393071,24:0b:2a:96:72:01,-50,11,1,7,0,1,1,0,1,0,0,-96,0,6,0,-147526353,0,83,0,128,1,"[83,-80,4,0,-16,24,-17,26,-19,26,-20,25,-20,24,-19,22,-17,20,-15,18,-12,15,-8,14,-5,13,-1,13,2,13,5,14,7,15,9,16,10,17,9,18,9,18,8,17,7,16,6,15,5,13,5,12,5,11,1,2,0,0,0,0,0,0,0,0,0,0,0,0,0,0,0,0,0,0,-2,-4,-7,-17,-6,-18,-3,-18,-2,-18,0,-17,0,-15,0,-12,-2,-9,-4,-6,-8,-3,-12,-2,-16,-1,-21,-2,-24,-4,-27,-6,-29,-8,-30,-10,-29,-12,-27,-13,-24,-12,-22,-11,-19,-8,-16,-4,-13,0,-12,6,-12,10]"
CSI_DATA,393114,24:0b:2a:96:72:01,-51,11,1,7,0,1,1,0,1,0,0,-96,0,6,0,-147099600,0,83,0,128,1,"[83,-80,4,0,0,-25,-1,-27,0,-30,0,-31,1,-31,2,-30,2,-28,2,-26,2,-24,1,-22,-1,-20,-3,-18,-5,-17,-7,-16,-9,-16,-10,-16,-11,-16,-11,-16,-11,-16,-11,-16,-10,-15,-9,-14,-9,-14,-8,-13,-8,-13,-2,-4,0,0,0,0,0,0,0,0,0,0,0,0,0,0,0,0,0,0,3,-2,16,-6,18,-4,19,-2,20,0,20,2,18,4,16,4,14,4,11,2,9,-1,8,-5,9,-9,10,-13,12,-16,15,-19,18,-20,22,-21,24,-21,25,-19,25,-17,24,-15,22,-14,20,-13,16,-13,12,-14,9,-16]"
CSI_DATA,393115,24:0b:2a:96:72:01,-50,11,1,5,0,1,1,0,1,0,0,-96,0,6,0,-147092069,0,83,0,128,1,"[83,-80,4,0,26,3,29,2,31,3,32,4,32,5,30,5,28,6,26,5,24,4,21,3,19,1,18,-2,17,-4,17,-6,17,-8,17,-9,17,-9,17,-9,18,-9,17,-9,17,-8,16,-7,14,-7,13,-7,13,-7,3,-2,0,0,0,0,0,0,0,0,0,0,0,0,0,0,0,0,0,0,1,4,4,17,2,19,0,20,-3,21,-5,20,-6,19,-6,16,-6,14,-4,12,0,10,4,9,8,10,12,12,16,15,18,18,19,21,19,25,18,27,17,28,15,28,13,27,12,25,11,22,11,18,13,14,15,10]"
CSI_DATA,393116,24:0b:2a:96:72:01,-51,11,1,7,0,1,1,0,1,0,0,-96,0,6,0,-147084699,0,83,0,128,1,"[83,-80,4,0,-27,0,-29,0,-30,0,-31,-1,-30,-2,-29,-2,-27,-3,-25,-2,-22,-2,-20,0,-18,2,-17,4,-16,6,-16,8,-16,9,-16,10,-16,11,-17,10,-16,10,-16,9,-15,8,-14,7,-13,7,-12,7,-12,7,-3,1,0,0,0,0,0,0,0,0,0,0,0,0,0,0,0,0,0,0,-2,-4,-7,-16,-6,-18,-4,-20,-2,-20,0,-20,1,-19,2,-16,1,-14,-1,-11,-4,-10,-7,-9,-11,-9,-15,-10,-18,-13,-20,-15,-22,-18,-22,-21,-21,-23,-20,-25,-18,-24,-16,-23,-15,-20,-14,-17,-14,-14,-15,-10,-17,-7]"
CSI_DATA,393117,24:0b:2a:96:72:01,-51,11,1,7,0,1,1,0,1,0,0,-96,0,6,0,-147077393,0,83,0,128,1,"[83,-80,4,0,9,27,11,29,11,31,10,33,9,33,8,31,7,30,6,27,6,24,7,21,8,18,10,16,12,14,14,12,15,12,17,11,18,11,18,12,17,12,16,12,16,12,14,11,13,10,12,9,12,9,3,2,0,0,0,0,0,0,0,0,0,0,0,0,0,0,0,0,0,0,-4,2,-17,11,-19,10,-21,8,-22,6,-22,4,-21,2,-19,0,-16,0,-13,2,-10,4,-7,8,-6,13,-7,18,-8,22,-11,25,-14,28,-17,29,-19,29,-21,28,-21,26,-20,24,-19,22,-16,20,-11,19,-6,19,-3,19]"
CSI_DATA,393118,24:0b:2a:96:72:01,-51,11,1,7,0,1,1,0,1,0,0,-96,0,6,0,-147066663,0,83,0,128,1,"[83,-80,4,0,-16,21,-17,23,-18,24,-20,24,-20,23,-20,22,-19,20,-17,18,-15,17,-13,16,-10,15,-7,15,-5,16,-3,17,-2,18,-2,19,-2,19,-2,19,-2,19,-3,18,-3,17,-3,16,-3,14,-2,14,-2,13,-1,3,0,0,0,0,0,0,0,0,0,0,0,0,0,0,0,0,0,0,-5,-1,-18,-4,-19,-6,-19,-8,-18,-11,-17,-12,-15,-12,-13,-11,-11,-9,-10,-7,-10,-3,-11,0,-14,4,-17,6,-21,7,-25,7,-28,7,-31,5,-32,4,-32,2,-30,0,-28,-1,-26,-1,-23,1,-20,3,-17,6,-16,9]"
CSI_DATA,393119,24:0b:2a:96:72:01,-50,11,1,7,0,1,1,0,1,0,0,-96,0,6,0,-147056742,0,83,0,128,1,"[83,-80,4,0,26,-6,28,-7,30,-7,31,-6,30,-4,29,-3,27,-3,25,-3,22,-3,19,-4,17,-6,16,-8,15,-10,14,-12,14,-13,14,-14,14,-14,14,-14,14,-13,14,-13,13,-12,13,-11,11,-10,11,-10,10,-10,2,-3,0,0,0,0,0,0,0,0,0,0,0,0,0,0,0,0,0,0,2,3,10,14,9,16,7,18,5,19,3,19,2,18,1,16,1,13,2,10,5,8,8,6,12,5,16,6,20,8,23,10,25,13,25,16,25,18,24,20,22,20,20,19,18,17,17,14,16,10,16,6,18,3]"
CSI_DATA,393120,24:0b:2a:96:72:01,-50,11,1,7,0,1,1,0,1,0,0,-96,0,6,0,-147045257,0,83,0,128,1,"[83,-80,4,0,13,-24,14,-27,15,-28,16,-27,17,-26,17,-24,16,-23,15,-21,13,-20,10,-19,8,-18,5,-18,3,-18,2,-19,1,-20,1,-20,1,-21,1,-21,1,-21,2,-20,2,-18,2,-17,1,-16,1,-15,1,-15,0,-4,0,0,0,0,0,0,0,0,0,0,0,0,0,0,0,0,0,0,4,-1,18,-2,19,-1,19,2,19,4,18,6,17,7,15,6,13,5,11,3,10,0,11,-4,13,-8,16,-10,19,-12,22,-13,25,-13,28,-12,30,-10,30,-8,29,-7,27,-6,25,-6,22,-6,19,-8,16,-11,14,-14]"
CSI_DATA,393121,24:0b:2a:96:72:01,-50,11,1,7,0,1,1,0,1,0,0,-96,0,6,0,-147034018,0,83,0,128,1,"[83,-80,4,0,-24,-21,-26,-23,-27,-24,-27,-26,-26,-26,-24,-25,-22,-24,-20,-23,-18,-20,-18,-17,-18,-14,-18,-11,-19,-8,-20,-7,-21,-5,-22,-5,-23,-4,-23,-5,-22,-5,-22,-6,-21,-6,-19,-5,-18,-5,-17,-5,-16,-5,-4,-2,0,0,0,0,0,0,0,0,0,0,0,0,0,0,0,0,0,0,1,-5,6,-20,8,-20,11,-20,13,-19,14,-17,15,-15,13,-13,11,-11,8,-11,4,-11,0,-13,-3,-16,-5,-21,-6,-25,-6,-30,-5,-33,-3,-36,-1,-37,1,-37,2,-35,3,-33,3,-30,1,-27,-2,-24,-6,-21,-9,-20]"
CSI_DATA,393122,24:0b:2a:96:72:01,-50,11,1,7,0,1,1,0,1,0,0,-96,0,6,0,-147025022,0,83,0,128,1,"[83,-80,4,0,30,10,32,10,33,12,33,13,32,14,30,14,28,13,26,12,23,10,22,8,21,6,21,3,20,0,21,-2,22,-3,22,-3,23,-4,23,-3,22,-3,21,-2,20,-2,19,-1,17,-1,16,-1,16,-2,4,-1,0,0,0,0,0,0,0,0,0,0,0,0,0,0,0,0,0,0,1,4,5,19,3,21,0,22,-2,22,-4,22,-5,20,-5,18,-4,15,-2,13,2,12,6,12,10,13,14,16,17,19,18,23,18,26,18,29,17,32,15,32,13,32,11,30,11,27,11,23,12,20,14,16,17,14]"
CSI_DATA,393504,24:0b:2a:96:72:01,-50,11,1,7,0,1,1,0,1,0,0,-96,0,6,0,-143239971,0,83,0,128,1,"[83,-80,4,0,-25,14,-27,15,-28,15,-28,14,-28,13,-27,12,-25,12,-24,11,-21,11,-19,11,-18,11,-16,13,-15,14,-15,15,-15,16,-15,16,-15,16,-15,15,-15,14,-14,13,-14,12,-13,11,-12,10,-11,10,-11,10,-3,2,0,0,0,0,0,0,0,0,0,0,0,0,0,0,0,0,0,0,-5,-1,-17,-2,-18,-4,-18,-6,-18,-9,-17,-10,-15,-10,-14,-10,-12,-8,-12,-6,-12,-4,-13,-1,-16,2,-19,3,-22,3,-25,3,-28,2,-30,0,-31,-1,-31,-3,-30,-4,-28,-4,-26,-3,-25,-2,-23,0,-22,3,-22,6]"
CSI_DATA,393505,24:0b:2a:96:72:01,-50,11,1,7,0,1,1,0,1,0,0,-96,0,6,0,-143232185,0,83,0,128,1,"[83,-80,4,0,-29,-5,-31,-5,-32,-6,-32,-7,-31,-7,-30,-8,-29,-8,-27,-7,-25,-6,-23,-5,-22,-4,-22,-2,-22,0,-22,1,-22,2,-22,2,-22,2,-22,2,-21,1,-20,1,-20,0,-18,0,-17,0,-17,0,-16,0,-4,0,0,0,0,0,0,0,0,0,0,0,0,0,0,0,0,0,0,0,-4,-3,-12,-12,-12,-14,-11,-16,-10,-18,-8,-19,-6,-18,-5,-17,-5,-15,-5,-13,-7,-11,-10,-9,-13,-9,-16,-10,-20,-11,-22,-13,-24,-16,-24,-19,-24,-21,-23,-22,-22,-23,-21,-22,-19,-21,-18,-19,-18,-16,-19,-13,-21,-11]"
CSI_DATA,393506,24:0b:2a:96:72:01,-50,11,1,7,0,1,1,0,1,0,0,-96,0,6,0,-143223064,0,83,0,128,1,"[83,-80,4,0,-23,17,-24,18,-25,19,-26,19,-26,18,-25,17,-25,16,-23,15,-21,14,-19,14,-17,14,-16,15,-14,16,-13,17,-13,17,-13,17,-13,17,-13,17,-13,16,-13,15,-12,14,-11,13,-11,13,-11,12,-10,12,-3,3,0,0,0,0,0,0,0,0,0,0,0,0,0,0,0,0,0,0,-5,0,-17,1,-18,-1,-19,-4,-19,-6,-19,-8,-18,-9,-16,-9,-14,-7,-13,-6,-13,-3,-13,0,-15,3,-18,5,-21,6,-24,7,-27,6,-30,5,-32,4,-32,2,-31,0,-30,0,-28,0,-26,1,-24,2,-23,5,-22,8]"
CSI_DATA,393507,24:0b:2a:96:72:01,-50,11,1,7,0,1,1,0,1,0,0,-96,0,6,0,-143215825,0,83,0,128,1,"[83,-80,4,0,-30,-13,-32,-13,-33,-14,-33,-15,-32,-16,-31,-16,-29,-15,-27,-14,-25,-13,-24,-11,-23,-9,-23,-6,-24,-4,-24,-3,-25,-3,-25,-3,-25,-3,-24,-3,-24,-4,-23,-4,-22,-4,-20,-4,-19,-4,-18,-3,-18,-3,-5,-1,0,0,0,0,0,0,0,0,0,0,0,0,0,0,0,0,0,0,-3,-4,-10,-16,-9,-18,-8,-21,-6,-22,-3,-22,-2,-21,-1,-19,-1,-17,-2,-15,-5,-13,-8,-12,-12,-13,-16,-15,-19,-17,-21,-20,-22,-23,-22,-27,-21,-29,-19,-30,-18,-30,-16,-29,-15,-27,-15,-24,-16,-22,-18,-18,-20,-16]"
CSI_DATA,393508,24:0b:2a:96:72:01,-50,11,1,7,0,1,1,0,1,0,0,-96,0,6,0,-143204747,0,83,0,128,1,"[83,-80,4,0,17,-23,18,-24,19,-25,20,-25,20,-24,19,-23,19,-22,17,-21,16,-19,14,-18,12,-18,10,-19,9,-19,8,-20,7,-21,7,-20,7,-21,7,-21,8,-20,8,-19,7,-18,7,-16,6,-15,6,-15,6,-15,1,-4,0,0,0,0,0,0,0,0,0,0,0,0,0,0,0,0,0,0,3,-2,15,-6,17,-4,18,-2,19,0,19,2,18,3,16,3,14,3,13,1,12,-1,12,-4,13,-7,15,-10,18,-12,21,-13,24,-14,27,-13,29,-12,29,-10,29,-9,28,-8,26,-7,24,-8,21,-9,19,-11,18,-14]"
CSI_DATA,393509,24:0b:2a:96:72:01,-50,11,1,7,0,1,1,0,1,0,0,-96,0,6,0,-143193293,0,83,0,128,1,"[83,-80,4,0,-27,9,-28,10,-30,11,-31,10,-31,9,-29,8,-28,8,-26,7,-24,7,-23,7,-21,8,-20,9,-19,10,-18,12,-18,12,-17,12,-17,13,-18,12,-17,12,-17,11,-16,10,-15,9,-15,9,-14,8,-14,8,-4,2,0,0,0,0,0,0,0,0,0,0,0,0,0,0,0,0,0,0,-4,-1,-17,-4,-17,-6,-17,-9,-17,-11,-16,-13,-14,-13,-13,-13,-11,-11,-11,-9,-11,-6,-13,-4,-15,-1,-18,0,-22,0,-25,-1,-28,-2,-30,-4,-31,-6,-31,-8,-30,-9,-29,-9,-27,-9,-25,-7,-24,-5,-23,-2,-23,1]"
CSI_DATA,393510,24:0b:2a:96:72:01,-50,11,1,7,0,1,1,0,1,0,1,-96,0,6,0,-143183468,0,83,0,128,1,"[83,-80,4,0,26,9,28,9,29,10,29,10,29,11,28,11,26,11,25,10,23,9,21,7,21,5,21,4,20,2,20,1,21,0,21,0,21,0,21,0,20,0,19,0,18,1,17,1,16,1,16,0,15,0,3,0,0,0,0,0,0,0,0,0,0,0,0,0,0,0,0,0,0,0,2,3,9,13,8,15,7,17,5,18,3,19,2,18,1,16,1,15,2,13,4,11,6,10,10,10,13,11,16,13,18,16,19,19,20,21,19,24,18,25,17,25,16,24,15,23,14,20,14,18,16,15,18,13]"
CSI_DATA,393511,24:0b:2a:96:72:01,-50,11,1,7,0,1,1,0,1,0,1,-96,0,6,0,-143169310,0,83,0,128,1,"[83,-80,4,0,-12,-28,-13,-29,-12,-30,-12,-30,-11,-29,-10,-28,-9,-26,-9,-25,-9,-22,-9,-21,-11,-19,-12,-18,-14,-17,-14,-17,-15,-17,-15,-17,-14,-18,-13,-17,-12,-17,-12,-17,-11,-16,-10,-14,-9,-13,-9,-13,-9,-12,-3,-3,0,0,0,0,0,0,0,0,0,0,0,0,0,0,0,0,0,0,0,-5,3,-17,4,-18,6,-18,8,-17,9,-16,10,-15,10,-13,8,-12,6,-12,4,-12,1,-14,-1,-16,-2,-20,-2,-23,-1,-26,0,-28,2,-30,4,-31,5,-30,6,-29,5,-27,5,-26,3,-24,1,-23,-2,-23,-5,-23]"
CSI_DATA,394059,24:0b:2a:96:72:01,-50,11,1,7,0,1,1,0,1,0,0,-96,0,6,0,-137726690,0,83,0,128,1,"[83,-80,4,0,-3,-29,-4,-31,-3,-32,-3,-33,-2,-32,-1,-31,-1,-30,-1,-28,-1,-26,-2,-24,-3,-23,-5,-22,-6,-21,-7,-21,-8,-21,-8,-20,-8,-20,-8,-21,-8,-20,-7,-20,-7,-19,-6,-18,-6,-17,-5,-16,-5,-15,-2,-4,0,0,0,0,0,0,0,0,0,0,0,0,0,0,0,0,0,0,1,-4,8,-15,10,-15,12,-14,14,-13,15,-12,15,-10,14,-9,13,-8,10,-8,8,-10,6,-12,5,-15,4,-18,5,-22,7,-25,9,-27,11,-28,13,-29,15,-28,15,-27,15,-26,14,-24,13,-23,10,-22,7,-23,4,-24]"
CSI_DATA,394060,24:0b:2a:96:72:01,-50,11,1,7,0,1,1,0,1,0,0,-96,0,6,0,-137717718,0,83,0,128,1,"[83,-80,4,0,-30,1,-31,1,-32,1,-33,0,-32,-1,-31,-1,-29,-2,-27,-1,-25,-1,-24,0,-23,1,-22,3,-21,5,-21,6,-21,7,-21,7,-21,7,-21,7,-20,6,-20,5,-19,5,-17,4,-16,4,-16,4,-16,4,-4,1,0,0,0,0,0,0,0,0,0,0,0,0,0,0,0,0,0,0,-4,-3,-15,-9,-14,-11,-14,-14,-13,-16,-11,-16,-9,-16,-8,-15,-8,-13,-8,-11,-9,-9,-11,-7,-15,-6,-18,-6,-22,-7,-25,-9,-27,-11,-28,-13,-28,-15,-27,-17,-26,-18,-25,-17,-23,-16,-22,-14,-21,-11,-22,-8,-23,-6]"
CSI_DATA,394061,24:0b:2a:96:72:01,-50,11,1,7,0,1,1,0,1,0,0,-96,0,6,0,-137710334,0,83,0,128,1,"[83,-80,4,0,-24,-19,-25,-20,-25,-21,-25,-22,-23,-22,-22,-21,-20,-20,-19,-19,-18,-17,-17,-15,-18,-13,-18,-11,-19,-10,-20,-9,-21,-9,-21,-9,-21,-9,-20,-10,-19,-10,-18,-10,-17,-10,-15,-9,-14,-9,-14,-8,-13,-8,-4,-2,0,0,0,0,0,0,0,0,0,0,0,0,0,0,0,0,0,0,-2,-4,-6,-16,-5,-17,-3,-19,-1,-19,1,-19,2,-18,3,-16,2,-14,0,-13,-3,-12,-5,-12,-8,-14,-11,-16,-13,-19,-14,-22,-13,-25,-12,-28,-11,-29,-10,-30,-8,-29,-8,-28,-7,-26,-8,-24,-10,-21,-12,-19,-15,-18]"
CSI_DATA,394062,24:0b:2a:96:72:01,-50,11,1,7,0,1,1,0,1,0,0,-96,0,6,0,-137699517,0,83,0,128,1,"[83,-80,4,0,26,-13,27,-13,29,-13,29,-12,29,-11,28,-10,27,-9,25,-9,22,-9,20,-10,18,-11,17,-12,16,-13,16,-14,16,-15,16,-15,16,-14,16,-14,16,-13,16,-12,15,-11,14,-10,13,-10,12,-10,12,-9,3,-3,0,0,0,0,0,0,0,0,0,0,0,0,0,0,0,0,0,0,4,0,16,2,16,4,16,6,16,8,15,10,13,10,12,9,11,8,10,6,11,3,12,1,15,-2,18,-3,22,-3,25,-2,27,-1,29,1,30,3,30,5,28,6,27,6,26,5,24,3,22,1,21,-3,21,-6]"
CSI_DATA,394063,24:0b:2a:96:72:01,-50,11,1,7,0,1,1,0,1,0,0,-96,0,6,0,-137691438,0,83,0,128,1,"[83,-80,4,0,26,-13,28,-13,29,-13,30,-12,29,-11,27,-10,26,-9,24,-9,21,-9,20,-10,18,-11,17,-12,16,-13,16,-15,17,-15,17,-15,17,-14,17,-14,17,-12,16,-11,15,-10,14,-9,13,-9,12,-9,12,-9,3,-3,0,0,0,0,0,0,0,0,0,0,0,0,0,0,0,0,0,0,4,0,16,1,16,3,17,5,16,7,16,8,14,9,13,8,12,7,11,5,12,3,13,0,16,-2,19,-3,22,-3,25,-3,27,-1,29,0,30,2,30,4,28,5,27,4,25,3,24,2,23,0,22,-3,23,-6]"
CSI_DATA,394064,24:0b:2a:96:72:01,-50,11,1,7,0,1,1,0,1,0,0,-96,0,6,0,-137682770,0,83,0,128,1,"[83,-80,4,0,20,-22,21,-23,22,-23,23,-22,23,-21,22,-19,21,-18,19,-17,17,-17,15,-17,13,-17,11,-18,10,-19,10,-20,10,-20,10,-20,11,-20,11,-19,11,-18,11,-17,10,-16,9,-14,8,-13,8,-13,8,-13,2,-4,0,0,0,0,0,0,0,0,0,0,0,0,0,0,0,0,0,0,3,-2,15,-5,17,-3,18,-1,18,1,17,3,16,3,15,3,13,2,12,1,12,-2,12,-5,14,-8,16,-10,19,-11,22,-12,25,-11,28,-10,29,-9,29,-7,28,-6,27,-5,25,-5,23,-7,21,-8,19,-11,18,-14]"
CSI_DATA,394065,24:0b:2a:96:72:01,-50,11,1,7,0,1,1,0,1,0,0,-96,0,6,0,-137673734,0,83,0,128,1,"[83,-80,4,0,-26,13,-28,14,-29,13,-30,12,-29,11,-28,10,-27,10,-25,9,-23,9,-21,9,-19,10,-17,12,-16,13,-16,14,-16,15,-16,15,-16,15,-16,14,-16,14,-16,12,-15,11,-14,10,-13,10,-12,10,-12,9,-3,2,0,0,0,0,0,0,0,0,0,0,0,0,0,0,0,0,0,0,-5,-1,-17,-4,-17,-6,-17,-8,-17,-10,-16,-12,-14,-12,-13,-11,-12,-9,-11,-7,-12,-5,-13,-2,-16,0,-19,1,-23,2,-26,1,-29,0,-31,-2,-31,-4,-31,-6,-30,-7,-28,-7,-26,-6,-24,-4,-23,-2,-22,1,-22,4]"
CSI_DATA,394066,24:0b:2a:96:72:01,-50,11,1,7,0,1,1,0,1,0,1,-96,0,6,0,-137663794,0,83,0,128,1,"[83,-80,4,0,2,-29,3,-31,4,-32,5,-32,5,-31,6,-30,6,-28,5,-26,4,-24,2,-23,0,-22,-2,-21,-3,-21,-4,-21,-5,-22,-5,-22,-5,-22,-4,-22,-4,-21,-3,-20,-3,-19,-3,-18,-3,-16,-2,-16,-2,-15,-1,-4,0,0,0,0,0,0,0,0,0,0,0,0,0,0,0,0,0,0,2,-3,11,-12,13,-12,15,-10,16,-9,17,-7,16,-6,15,-5,13,-5,11,-5,9,-7,8,-10,7,-13,8,-17,10,-20,12,-22,15,-24,18,-24,19,-24,20,-23,20,-22,20,-20,18,-19,16,-18,13,-18,10,-20,8,-21]"
CSI_DATA,394067,24:0b:2a:96:72:01,-50,11,1,7,0,1,1,0,1,0,1,-96,0,6,0,-137649990,0,83,0,128,1,"[83,-80,4,0,-30,4,-31,4,-32,3,-32,2,-32,1,-30,0,-28,0,-26,1,-24,1,-22,2,-21,4,-20,6,-20,7,-20,8,-20,9,-20,9,-20,9,-20,8,-20,7,-19,6,-18,5,-17,5,-15,5,-15,5,-14,5,-4,1,0,0,0,0,0,0,0,0,0,0,0,0,0,0,0,0,0,0,-4,-2,-15,-8,-15,-10,-15,-12,-13,-14,-12,-15,-10,-15,-9,-14,-8,-12,-9,-10,-10,-7,-12,-5,-15,-4,-19,-4,-22,-5,-25,-7,-27,-9,-28,-11,-29,-13,-28,-15,-26,-15,-24,-15,-23,-13,-22,-11,-21,-8,-22,-5,-23,-2]"
CSI_DATA,394370,24:0b:2a:96:72:01,-50,11,1,7,0,1,1,0,1,0,0,-96,0,6,0,-134734343,0,83,0,128,1,"[83,-80,4,0,-23,-17,-25,-17,-26,-18,-26,-19,-26,-20,-24,-20,-23,-19,-21,-18,-20,-16,-19,-14,-19,-12,-19,-10,-20,-9,-20,-8,-21,-7,-21,-6,-21,-6,-21,-7,-20,-7,-19,-7,-19,-7,-17,-7,-16,-7,-15,-6,-15,-6,-4,-2,0,0,0,0,0,0,0,0,0,0,0,0,0,0,0,0,0,0,-2,-4,-5,-16,-4,-18,-2,-19,-1,-20,1,-20,3,-19,3,-17,3,-15,1,-14,-1,-13,-4,-12,-7,-13,-10,-15,-13,-18,-14,-21,-14,-24,-14,-27,-13,-29,-11,-30,-10,-30,-9,-29,-8,-27,-8,-25,-10,-22,-12,-20,-14,-18]"
CSI_DATA,394371,24:0b:2a:96:72:01,-50,11,1,7,0,1,1,0,1,0,0,-96,0,6,0,-134726877,0,83,0,128,1,"[83,-80,4,0,31,4,33,4,35,5,35,6,34,7,32,7,31,7,28,6,26,5,24,3,23,1,22,-1,22,-3,22,-5,23,-5,23,-6,23,-5,23,-5,23,-4,22,-4,21,-3,19,-3,17,-3,17,-3,16,-3,4,-1,0,0,0,0,0,0,0,0,0,0,0,0,0,0,0,0,0,0,3,3,11,14,11,16,9,18,7,19,5,20,4,19,3,17,3,15,4,13,6,11,9,9,13,9,17,10,21,12,23,15,24,18,25,21,25,23,24,24,22,25,21,24,19,22,19,19,19,16,20,12,22,10]"
CSI_DATA,394372,24:0b:2a:96:72:01,-50,11,1,7,0,1,1,0,1,0,0,-96,0,6,0,-134719457,0,83,0,128,1,"[83,-80,4,0,-25,15,-26,16,-27,16,-27,15,-27,14,-26,13,-24,12,-23,11,-20,11,-19,12,-17,12,-16,14,-15,15,-14,16,-14,16,-15,16,-15,16,-15,15,-15,14,-15,13,-14,11,-13,10,-12,10,-11,10,-11,10,-3,2,0,0,0,0,0,0,0,0,0,0,0,0,0,0,0,0,0,0,-5,0,-17,1,-18,-1,-19,-3,-19,-6,-18,-7,-17,-8,-15,-7,-14,-6,-13,-5,-13,-2,-14,0,-16,3,-19,5,-22,5,-25,5,-27,4,-30,3,-31,2,-31,0,-30,-1,-28,-2,-26,-1,-24,1,-23,3,-22,5,-22,8]"
CSI_DATA,394373,24:0b:2a:96:72:01,-50,11,1,7,0,1,1,0,1,0,0,-96,0,6,0,-134709297,0,83,0,128,1,"[83,-80,4,0,20,20,21,21,22,22,21,22,20,22,19,21,18,20,16,18,15,16,15,14,16,12,17,11,18,10,18,9,19,9,19,9,19,10,18,10,17,10,16,10,15,9,14,9,13,8,12,7,12,7,3,1,0,0,0,0,0,0,0,0,0,0,0,0,0,0,0,0,0,0,1,3,4,15,2,17,1,18,-1,18,-3,18,-4,17,-4,15,-3,14,-2,13,0,12,3,12,6,14,9,16,10,19,11,22,10,25,9,27,8,29,7,29,6,28,5,27,5,25,6,23,8,21,10,19,13,18]"
CSI_DATA,394374,24:0b:2a:96:72:01,-50,11,1,7,0,1,1,0,1,0,0,-96,0,6,0,-134695526,0,83,0,128,1,"[83,-80,4,0,-19,-26,-20,-28,-20,-30,-20,-31,-19,-31,-17,-30,-16,-29,-15,-27,-14,-25,-14,-22,-15,-20,-16,-18,-17,-16,-18,-16,-19,-15,-19,-15,-19,-15,-19,-15,-18,-16,-17,-15,-16,-15,-15,-14,-14,-13,-13,-13,-13,-12,-4,-3,0,0,0,0,0,0,0,0,0,0,0,0,0,0,0,0,0,0,0,-5,0,-19,2,-20,5,-21,7,-21,9,-20,10,-18,10,-16,9,-14,6,-13,3,-13,0,-14,-3,-17,-5,-20,-7,-24,-6,-28,-5,-31,-3,-34,-2,-35,0,-36,2,-35,2,-33,2,-31,1,-29,-2,-27,-5,-25,-8,-24]"
CSI_DATA,394375,24:0b:2a:96:72:01,-48,9,0,0,0,0,0,0,0,0,0,-96,0,6,0,-134694861,0,252,0,128,1,"[-4,64,15,0,-10,-15,-11,-16,-12,-17,-11,-18,-11,-18,-10,-18,-9,-17,-9,-16,-8,-15,-8,-13,-9,-12,-9,-11,-10,-10,-11,-9,-11,-9,-11,-8,-12,-8,-11,-9,-11,-9,-11,-8,-10,-8,-9,-8,-9,-8,-8,-7,-8,-7,-2,-2,0,0,0,0,0,0,0,0,0,0,0,0,0,0,0,0,0,0,0,-3,1,-11,2,-12,4,-12,5,-12,6,-11,7,-10,7,-9,6,-8,4,-7,2,-7,1,-8,-1,-9,-2,-12,-3,-14,-3,-16,-2,-18,-1,-20,0,-21,1,-21,2,-20,2,-19,2,-18,1,-17,0,-15,-2,-14,-4,-14]"
CSI_DATA,394376,24:0b:2a:96:72:01,-50,11,1,7,0,1,1,0,1,0,0,-96,0,6,0,-134675238,0,83,0,128,1,"[83,-80,4,0,7,-27,8,-29,8,-30,9,-31,10,-30,10,-29,10,-27,9,-26,9,-24,7,-22,5,-22,3,-21,1,-21,0,-21,0,-22,-1,-22,-1,-22,0,-22,0,-21,0,-21,0,-19,1,-18,1,-17,1,-16,1,-16,0,-4,0,0,0,0,0,0,0,0,0,0,0,0,0,0,0,0,0,0,3,-3,13,-11,14,-10,16,-9,17,-7,18,-5,18,-4,16,-3,15,-3,12,-4,10,-5,9,-8,9,-11,10,-15,12,-18,15,-20,17,-21,20,-22,23,-21,24,-20,24,-19,23,-17,21,-16,19,-16,17,-16,14,-17,12,-19]"
CSI_DATA,394377,24:0b:2a:96:72:01,-50,11,1,7,0,1,1,0,1,0,0,-96,0,6,0,-134668401,0,83,0,128,1,"[83,-80,4,0,23,16,25,17,25,18,24,19,23,19,22,18,20,17,19,16,18,14,17,12,17,10,18,8,19,7,19,6,20,6,21,6,21,6,20,7,19,7,18,7,16,7,15,7,14,6,13,5,13,5,3,1,0,0,0,0,0,0,0,0,0,0,0,0,0,0,0,0,0,0,1,3,5,15,4,16,2,18,0,18,-1,18,-3,17,-3,15,-2,14,0,12,2,11,5,11,8,12,11,15,13,18,13,21,13,23,13,26,12,27,10,28,9,27,8,26,8,24,8,22,10,19,12,17,15,16]"
CSI_DATA,394665,24:0b:2a:96:72:01,-50,11,1,7,0,1,1,0,1,0,1,-96,0,6,0,-131825319,0,83,0,128,1,"[83,-80,4,0,-27,10,-29,11,-29,10,-30,10,-30,9,-28,8,-27,7,-25,7,-23,7,-20,7,-19,8,-17,10,-16,12,-16,13,-16,14,-16,14,-16,14,-17,13,-16,12,-16,11,-15,10,-14,9,-13,9,-12,9,-12,9,-3,2,0,0,0,0,0,0,0,0,0,0,0,0,0,0,0,0,0,0,-4,-2,-16,-6,-16,-8,-16,-11,-16,-12,-14,-13,-13,-14,-11,-13,-10,-11,-10,-9,-10,-6,-12,-4,-15,-2,-19,-1,-22,-1,-25,-2,-28,-4,-30,-5,-30,-7,-30,-9,-28,-10,-27,-10,-25,-9,-23,-7,-22,-4,-21,-1,-22,2]"
CSI_DATA,394666,24:0b:2a:96:72:01,-51,11,1,7,0,1,1,0,1,0,1,-96,0,6,0,-131811195,0,83,0,128,1,"[83,-80,4,0,8,-15,8,-16,9,-17,9,-17,10,-16,9,-15,9,-15,9,-14,8,-13,7,-12,6,-12,4,-12,3,-12,3,-13,2,-13,2,-13,2,-13,2,-13,2,-13,2,-12,2,-11,2,-11,2,-10,2,-10,2,-10,0,-3,0,0,0,0,0,0,0,0,0,0,0,0,0,0,0,0,0,0,2,-2,8,-4,9,-4,10,-3,11,-1,11,0,10,0,9,1,8,0,7,0,6,-1,6,-3,7,-5,8,-7,9,-8,11,-9,13,-10,15,-10,16,-10,16,-9,16,-8,16,-7,15,-7,13,-7,12,-7,10,-8,9,-10]"
CSI_DATA,394667,24:0b:2a:96:72:01,-50,11,1,7,0,1,1,0,1,0,1,-96,0,6,0,-131803858,0,83,0,128,1,"[83,-80,4,0,26,8,28,8,29,9,30,10,29,10,28,11,26,10,24,10,22,8,21,7,20,5,20,3,20,1,20,0,20,-1,21,-1,21,-1,21,-1,20,0,19,0,18,1,17,1,16,1,15,0,15,0,3,0,0,0,0,0,0,0,0,0,0,0,0,0,0,0,0,0,0,0,2,3,9,13,8,15,7,17,5,18,3,18,2,18,1,16,1,14,2,12,4,11,7,9,10,9,13,11,17,13,19,15,20,18,20,21,19,23,18,25,17,25,16,24,14,22,14,20,14,17,16,14,18,12]"
CSI_DATA,394668,24:0b:2a:96:72:01,-50,11,1,7,0,1,1,0,1,0,1,-96,0,6,0,-131797460,0,83,0,128,1,"[83,-80,4,0,-3,28,-4,30,-4,30,-5,30,-6,29,-6,27,-6,26,-5,24,-4,22,-3,21,-1,20,1,20,3,20,4,20,4,21,4,21,3,21,2,21,2,20,1,19,1,17,1,16,1,15,1,14,1,14,0,3,0,0,0,0,0,0,0,0,0,0,0,0,0,0,0,0,0,0,-3,3,-11,13,-13,12,-14,11,-16,10,-17,9,-17,7,-16,6,-14,6,-12,6,-10,8,-9,10,-8,13,-8,17,-10,20,-12,22,-14,23,-17,24,-19,24,-19,23,-19,21,-19,20,-17,19,-15,18,-12,19,-9,20,-7,21]"
CSI_DATA,394669,24:0b:2a:96:72:01,-50,11,1,7,0,1,1,0,1,0,0,-96,0,6,0,-131787441,0,83,0,128,1,"[83,-80,4,0,19,21,19,22,19,23,19,24,18,24,16,23,15,21,14,20,13,17,13,15,14,14,15,12,16,11,17,11,18,11,18,11,17,12,16,12,15,12,14,12,13,11,12,10,11,10,11,9,11,8,2,2,0,0,0,0,0,0,0,0,0,0,0,0,0,0,0,0,0,0,0,3,3,16,2,17,0,18,-2,18,-4,18,-5,17,-5,15,-4,14,-3,13,0,12,2,13,5,14,7,17,8,20,9,23,8,25,7,28,6,29,4,29,4,28,3,27,3,25,4,23,6,22,8,20,11,19]"
CSI_DATA,394670,24:0b:2a:96:72:01,-50,11,1,7,0,1,1,0,1,0,0,-96,0,6,0,-131780327,0,83,0,128,1,"[83,-80,4,0,9,-26,10,-28,11,-30,12,-30,12,-29,12,-28,12,-26,12,-25,10,-23,8,-21,6,-21,4,-20,2,-20,1,-21,1,-21,0,-22,0,-22,1,-22,1,-21,1,-20,1,-19,1,-18,1,-17,1,-16,1,-15,0,-4,0,0,0,0,0,0,0,0,0,0,0,0,0,0,0,0,0,0,3,-3,14,-9,16,-7,17,-6,18,-4,19,-2,18,-1,17,0,15,0,13,-1,11,-3,10,-6,11,-10,12,-13,14,-16,17,-18,20,-19,23,-19,25,-18,26,-17,26,-15,25,-14,23,-13,21,-13,18,-14,15,-15,13,-18]"
CSI_DATA,394671,24:0b:2a:96:72:01,-50,11,1,7,0,1,1,0,1,0,0,-96,0,6,0,-131771171,0,83,0,128,1,"[83,-80,4,0,24,13,25,14,26,15,27,16,26,17,25,16,24,16,22,15,20,13,19,11,19,10,19,8,19,6,19,5,20,4,20,4,20,4,20,4,19,4,19,4,18,4,16,4,15,4,15,3,14,3,3,0,0,0,0,0,0,0,0,0,0,0,0,0,0,0,0,0,0,0,1,3,5,15,4,17,2,18,0,19,-2,19,-3,18,-4,16,-3,14,-2,13,1,11,4,11,7,12,10,14,13,17,14,19,14,22,14,25,13,27,12,29,11,28,10,27,9,25,9,23,10,21,12,18,14,16]"
CSI_DATA,394672,24:0b:2a:96:72:01,-50,11,1,7,0,1,1,0,1,0,0,-96,0,6,0,-131761667,0,83,0,128,1,"[83,-80,4,0,-15,23,-15,25,-16,27,-17,27,-18,26,-18,24,-17,23,-16,22,-15,20,-13,19,-11,19,-9,19,-7,19,-6,19,-5,20,-5,20,-5,21,-5,20,-6,20,-6,19,-5,17,-5,16,-5,15,-5,15,-5,15,-2,3,0,0,0,0,0,0,0,0,0,0,0,0,0,0,0,0,0,0,-4,1,-16,6,-18,5,-19,3,-20,0,-20,-1,-19,-3,-18,-3,-16,-3,-14,-2,-12,1,-12,4,-13,7,-15,10,-17,13,-20,14,-23,15,-26,15,-28,14,-29,12,-29,11,-28,10,-26,9,-24,9,-21,10,-19,12,-17,14]"
CSI_DATA,394956,24:0b:2a:96:72:01,-50,11,1,7,0,1,1,0,1,0,0,-96,0,6,0,-128996573,0,83,0,128,1,"[83,-80,4,0,-29,-10,-32,-11,-33,-13,-32,-14,-31,-15,-28,-15,-25,-14,-22,-12,-18,-10,-15,-7,-13,-4,-11,1,-9,5,-9,9,-9,12,-10,14,-11,16,-13,16,-14,16,-14,15,-14,13,-14,11,-13,9,-11,7,-10,6,-3,1,0,0,0,0,0,0,0,0,0,0,0,0,0,0,0,0,0,0,4,-2,17,-6,17,-5,17,-4,17,-3,16,-2,13,-2,11,-2,8,-4,5,-7,3,-11,2,-15,1,-19,1,-23,2,-27,3,-29,5,-31,7,-32,8,-31,9,-30,8,-27,7,-24,5,-21,1,-17,-3,-14,-8,-11,-13,-10]"
CSI_DATA,394957,24:0b:2a:96:72:01,-50,11,1,7,0,1,1,0,1,0,0,-96,0,6,0,-128985644,0,83,0,128,1,"[83,-80,4,0,10,-29,11,-31,13,-32,15,-32,15,-30,15,-28,14,-25,12,-22,10,-18,7,-15,3,-13,-1,-11,-6,-10,-9,-10,-12,-10,-15,-11,-16,-13,-17,-14,-16,-15,-15,-16,-13,-16,-11,-15,-9,-13,-7,-12,-7,-11,-2,-3,0,0,0,0,0,0,0,0,0,0,0,0,0,0,0,0,0,0,1,4,6,17,5,17,3,17,2,17,1,15,2,13,2,11,4,8,7,5,10,3,14,2,18,1,22,1,26,2,29,4,30,5,31,7,30,8,28,9,26,8,23,7,19,4,16,1,13,-3,10,-9,9,-14]"
CSI_DATA,394958,24:0b:2a:96:72:01,-50,11,1,7,0,1,1,0,1,0,0,-96,0,6,0,-128978966,0,83,0,128,1,"[83,-80,4,0,-22,19,-25,21,-26,21,-27,20,-27,18,-26,16,-24,14,-22,12,-18,10,-14,9,-10,8,-6,9,-3,10,1,12,3,14,4,16,4,18,4,19,3,20,1,20,0,19,-1,17,-2,14,-2,12,-2,11,-1,2,0,0,0,0,0,0,0,0,0,0,0,0,0,0,0,0,0,0,-2,-5,-5,-18,-3,-18,-2,-18,-1,-18,0,-17,-1,-15,-2,-12,-4,-10,-7,-8,-10,-7,-14,-7,-18,-7,-21,-9,-24,-11,-26,-13,-27,-15,-27,-16,-27,-18,-25,-18,-23,-17,-20,-15,-18,-12,-16,-8,-15,-3,-15,2,-15,7]"
CSI_DATA,394959,24:0b:2a:96:72:01,-50,11,1,7,0,1,1,0,1,0,0,-96,0,6,0,-128964452,0,83,0,128,1,"[83,-80,4,0,25,-13,28,-14,30,-14,30,-13,30,-11,28,-9,25,-7,22,-6,18,-6,14,-7,10,-7,6,-8,2,-10,0,-13,-2,-15,-3,-17,-3,-19,-2,-20,-1,-21,1,-20,1,-19,2,-17,2,-15,2,-13,2,-11,0,-3,0,0,0,0,0,0,0,0,0,0,0,0,0,0,0,0,0,0,-2,3,-6,15,-7,15,-9,15,-9,14,-9,12,-7,11,-5,9,-2,8,1,8,5,8,9,10,13,12,15,14,17,18,18,20,17,23,17,24,16,25,14,24,13,23,11,20,10,16,10,11,11,6,13,1,15,-4]"
CSI_DATA,394960,24:0b:2a:96:72:01,-50,11,1,7,0,1,1,0,1,0,0,-96,0,6,0,-128954742,0,83,0,128,1,"[83,-80,4,0,18,22,19,25,18,26,17,27,16,27,14,25,12,23,10,20,8,17,7,13,7,9,8,4,10,1,12,-2,14,-4,16,-5,18,-6,19,-5,19,-4,19,-3,18,-2,16,0,14,1,12,1,10,1,2,0,0,0,0,0,0,0,0,0,0,0,0,0,0,0,0,0,0,0,-5,-1,-18,-1,-18,-2,-18,-4,-17,-4,-15,-4,-14,-4,-12,-2,-10,0,-9,4,-8,7,-9,11,-10,15,-12,18,-14,21,-16,22,-19,23,-21,23,-21,22,-21,20,-19,18,-17,16,-13,14,-9,13,-4,12,1,13,6,14]"
CSI_DATA,394961,24:0b:2a:96:72:01,-49,11,1,7,0,1,1,0,1,0,0,-96,0,6,0,-128942921,0,83,0,128,1,"[83,-80,4,0,-30,17,-33,18,-35,17,-36,16,-35,14,-33,12,-31,10,-27,8,-23,7,-18,7,-14,7,-9,9,-5,11,-2,14,0,17,1,19,1,21,0,23,-2,23,-3,23,-5,21,-6,18,-6,16,-6,14,-5,12,-2,2,0,0,0,0,0,0,0,0,0,0,0,0,0,0,0,0,0,0,-1,-6,-1,-21,0,-21,2,-21,3,-20,4,-19,3,-17,1,-14,-2,-12,-6,-11,-10,-11,-15,-11,-19,-12,-23,-15,-26,-18,-27,-20,-28,-23,-27,-25,-26,-26,-24,-26,-22,-25,-20,-22,-18,-17,-16,-12,-16,-7,-17,-1,-19,4]"
CSI_DATA,394962,24:0b:2a:96:72:01,-50,11,1,7,0,1,1,0,1,0,0,-96,0,6,0,-128931430,0,83,0,128,1,"[83,-80,4,0,13,24,13,27,13,28,12,29,10,28,8,26,7,25,6,22,5,18,5,14,6,11,7,7,9,4,12,2,14,1,16,0,18,0,18,1,19,3,18,4,17,4,15,5,13,5,11,5,9,4,2,1,0,0,0,0,0,0,0,0,0,0,0,0,0,0,0,0,0,0,-5,0,-17,1,-18,0,-17,-2,-16,-3,-15,-3,-14,-3,-12,-1,-10,1,-9,4,-9,8,-9,11,-10,14,-12,17,-14,20,-17,21,-19,22,-21,21,-21,20,-21,19,-20,17,-17,15,-14,14,-10,13,-6,13,-1,14,3,15]"
CSI_DATA,394963,24:0b:2a:96:72:01,-50,11,1,7,0,1,1,0,1,0,0,-96,0,6,0,-128920588,0,83,0,128,1,"[83,-80,4,0,12,24,13,26,12,28,11,29,9,28,8,26,7,24,5,21,4,18,4,14,5,11,7,7,9,5,11,3,14,2,16,2,17,2,18,3,18,4,17,5,16,6,14,6,12,6,10,6,9,5,2,1,0,0,0,0,0,0,0,0,0,0,0,0,0,0,0,0,0,0,-4,0,-17,3,-17,2,-17,1,-16,0,-15,-1,-14,0,-12,0,-10,2,-9,5,-8,8,-8,12,-9,15,-11,18,-13,21,-15,22,-17,22,-19,22,-20,21,-20,20,-18,18,-16,16,-13,15,-10,13,-5,13,0,14,3,15]"
CSI_DATA,395243,24:0b:2a:96:72:01,-48,11,1,7,0,1,1,0,1,0,0,-96,0,6,0,-126169428,0,83,0,128,1,"[83,-80,4,0,-19,16,-21,17,-22,18,-23,17,-23,16,-23,15,-22,13,-21,11,-19,10,-16,8,-13,8,-11,8,-8,9,-6,11,-5,12,-4,14,-3,15,-4,16,-5,16,-5,16,-6,15,-7,13,-7,12,-7,10,-7,9,-2,2,0,0,0,0,0,0,0,0,0,0,0,0,0,0,0,0,0,0,-4,-2,-15,-8,-15,-9,-14,-10,-13,-11,-12,-12,-12,-11,-11,-9,-11,-8,-11,-6,-13,-4,-14,-2,-17,0,-20,0,-23,0,-25,-1,-27,-2,-28,-3,-29,-5,-28,-6,-27,-6,-25,-6,-23,-5,-21,-3,-18,-1,-17,2,-16,5]"
CSI_DATA,395244,24:0b:2a:96:72:01,-48,11,1,7,0,1,1,0,1,0,0,-96,0,6,0,-126157590,0,83,0,128,1,"[83,-80,4,0,26,5,29,6,30,7,30,8,30,9,28,10,26,10,23,10,20,9,18,7,16,5,14,2,13,-1,13,-3,13,-5,14,-7,15,-8,16,-8,17,-8,17,-7,17,-6,16,-4,15,-3,13,-2,12,-2,3,-1,0,0,0,0,0,0,0,0,0,0,0,0,0,0,0,0,0,0,0,4,1,17,0,18,-1,18,-2,18,-3,17,-3,16,-2,14,-1,13,2,12,4,12,7,13,10,14,13,16,14,19,15,22,15,24,15,26,14,28,13,28,12,27,11,25,10,23,10,19,11,16,13,13,15,10]"
CSI_DATA,395245,24:0b:2a:96:72:01,-48,11,1,7,0,1,1,0,1,0,0,-96,0,6,0,-126145772,0,83,0,128,1,"[83,-80,4,0,12,24,13,26,13,28,12,29,11,29,9,28,8,26,6,24,5,21,4,18,5,15,6,13,8,10,10,8,12,7,14,7,15,7,16,8,16,9,15,9,14,10,12,10,11,10,9,10,8,9,1,2,0,0,0,0,0,0,0,0,0,0,0,0,0,0,0,0,0,0,-3,3,-12,13,-14,12,-15,11,-15,10,-15,9,-15,8,-13,8,-11,8,-9,9,-7,11,-5,14,-5,17,-5,20,-6,23,-7,26,-9,27,-11,28,-13,29,-14,28,-13,26,-13,24,-11,22,-9,20,-6,19,-2,18,2,18]"
CSI_DATA,395246,24:0b:2a:96:72:01,-48,11,1,7,0,1,1,0,1,0,0,-96,0,6,0,-126139390,0,83,0,128,1,"[83,-80,4,0,-17,-22,-19,-24,-19,-26,-19,-27,-17,-27,-16,-27,-14,-26,-12,-24,-10,-21,-9,-19,-9,-15,-10,-12,-11,-10,-12,-7,-14,-6,-16,-5,-17,-5,-18,-6,-18,-7,-18,-8,-17,-8,-15,-9,-14,-9,-12,-9,-11,-9,-3,-3,0,0,0,0,0,0,0,0,0,0,0,0,0,0,0,0,0,0,2,-4,8,-16,10,-16,11,-15,12,-14,12,-13,12,-12,10,-11,8,-11,6,-12,4,-13,2,-16,0,-19,0,-22,0,-25,1,-28,2,-30,4,-31,6,-31,7,-31,7,-29,7,-27,6,-25,4,-22,1,-20,-3,-19,-6,-19]"
CSI_DATA,395247,24:0b:2a:96:72:01,-49,11,1,7,0,1,1,0,1,0,0,-96,0,6,0,-126132429,0,83,0,128,1,"[83,-80,4,0,-12,24,-13,26,-14,27,-15,27,-16,26,-16,25,-16,23,-16,20,-14,17,-12,15,-10,14,-7,13,-4,12,-1,13,1,14,3,15,3,16,3,17,3,18,2,18,1,17,-1,16,-2,15,-3,13,-3,12,-1,3,0,0,0,0,0,0,0,0,0,0,0,0,0,0,0,0,0,0,-5,-1,-18,-2,-19,-3,-18,-5,-18,-6,-17,-7,-16,-7,-15,-5,-14,-4,-13,-1,-14,1,-15,4,-17,7,-20,9,-23,10,-25,10,-28,10,-30,9,-31,8,-30,6,-29,5,-27,4,-25,4,-22,5,-19,7,-15,10,-13,12]"
CSI_DATA,395248,24:0b:2a:96:72:01,-48,11,1,7,0,1,1,0,1,0,0,-96,0,6,0,-126121131,0,83,0,128,1,"[83,-80,4,0,13,-24,14,-26,15,-27,17,-27,17,-26,18,-24,18,-22,17,-20,15,-18,12,-16,9,-14,6,-14,3,-13,1,-14,-1,-15,-3,-16,-3,-17,-3,-19,-2,-19,-1,-19,0,-18,1,-17,2,-16,2,-14,3,-13,0,-4,0,0,0,0,0,0,0,0,0,0,0,0,0,0,0,0,0,0,4,0,17,3,17,4,17,6,16,7,15,7,14,7,13,6,13,4,12,2,13,-1,14,-4,16,-6,19,-8,23,-9,25,-9,28,-8,30,-7,30,-6,30,-4,29,-3,27,-3,24,-3,21,-4,18,-6,16,-9,14,-12]"
CSI_DATA,395539,24:0b:2a:96:72:01,-49,11,1,7,0,1,1,0,1,0,0,-96,0,6,0,-123300208,0,83,0,128,1,"[83,-80,4,0,26,-4,28,-4,30,-3,31,-2,30,-1,29,0,27,1,25,2,22,2,19,1,16,-1,14,-3,12,-5,11,-7,10,-10,11,-11,11,-13,12,-13,13,-13,14,-12,14,-11,14,-9,13,-7,12,-6,11,-6,2,-2,0,0,0,0,0,0,0,0,0,0,0,0,0,0,0,0,0,0,1,3,7,15,6,16,5,17,3,17,3,17,2,16,2,14,4,12,5,11,8,10,11,9,14,9,17,11,20,13,21,15,22,17,22,20,22,21,21,22,19,21,17,20,16,18,15,15,15,11,16,7,17,4]"
CSI_DATA,395540,24:0b:2a:96:72:01,-48,11,1,7,0,1,1,0,1,0,0,-96,0,6,0,-123288075,0,83,0,128,1,"[83,-80,4,0,-24,-14,-26,-15,-27,-16,-27,-18,-26,-18,-25,-18,-23,-18,-20,-17,-17,-16,-15,-14,-14,-11,-14,-8,-13,-5,-14,-2,-15,0,-16,2,-17,2,-18,2,-19,1,-19,1,-18,-1,-17,-2,-16,-3,-14,-3,-13,-3,-3,-1,0,0,0,0,0,0,0,0,0,0,0,0,0,0,0,0,0,0,0,-5,3,-18,4,-18,5,-18,7,-18,7,-17,7,-15,6,-14,4,-13,1,-13,-1,-14,-4,-15,-6,-17,-8,-20,-9,-23,-9,-26,-8,-28,-7,-30,-6,-31,-5,-31,-4,-30,-3,-28,-3,-25,-4,-22,-6,-19,-9,-17,-12,-15]"
CSI_DATA,395541,24:0b:2a:96:72:01,-49,11,1,7,0,1,1,0,1,0,0,-96,0,6,0,-123273397,0,83,0,128,1,"[83,-80,4,0,-25,9,-27,10,-29,10,-30,10,-30,8,-29,7,-28,5,-26,4,-23,4,-20,4,-17,4,-14,5,-11,7,-9,9,-8,11,-8,13,-8,15,-9,15,-10,15,-11,15,-12,13,-12,12,-11,10,-11,9,-11,8,-3,2,0,0,0,0,0,0,0,0,0,0,0,0,0,0,0,0,0,0,-3,-4,-12,-14,-11,-15,-10,-17,-9,-17,-8,-17,-7,-16,-7,-14,-7,-12,-9,-10,-11,-8,-14,-7,-17,-7,-20,-7,-23,-9,-25,-10,-27,-12,-28,-14,-28,-16,-26,-17,-25,-17,-23,-16,-21,-14,-20,-11,-19,-8,-18,-4,-19,0]"
CSI_DATA,395542,24:0b:2a:96:72:01,-48,11,1,7,0,1,1,0,1,0,0,-96,0,6,0,-123265253,0,83,0,128,1,"[83,-80,4,0,25,7,28,7,29,8,29,9,29,10,27,11,25,11,23,11,20,10,17,8,15,6,14,3,13,0,13,-3,13,-5,14,-6,15,-7,16,-8,17,-7,17,-6,17,-5,16,-4,15,-2,13,-2,12,-1,3,-1,0,0,0,0,0,0,0,0,0,0,0,0,0,0,0,0,0,0,0,4,1,17,-1,18,-2,18,-3,18,-4,17,-4,16,-3,14,-2,13,0,13,3,12,6,13,9,15,12,17,13,20,14,23,14,25,13,27,12,28,11,28,10,27,9,26,8,23,9,20,10,17,12,13,14,11]"
CSI_DATA,395543,24:0b:2a:96:72:01,-49,11,1,7,0,1,1,0,1,0,0,-96,0,6,0,-123258668,0,83,0,128,1,"[83,-80,4,0,-23,13,-25,15,-27,15,-28,15,-28,13,-28,12,-27,10,-25,9,-22,7,-19,6,-16,6,-13,7,-10,9,-8,11,-7,13,-6,14,-6,16,-7,17,-8,17,-9,16,-9,15,-10,13,-10,12,-10,10,-9,9,-3,2,0,0,0,0,0,0,0,0,0,0,0,0,0,0,0,0,0,0,-4,-3,-14,-12,-14,-13,-13,-15,-12,-15,-11,-15,-10,-14,-9,-13,-10,-11,-11,-8,-12,-7,-15,-5,-18,-4,-21,-4,-24,-5,-27,-6,-29,-7,-30,-9,-30,-11,-29,-12,-28,-12,-26,-11,-24,-10,-22,-8,-20,-5,-19,-1,-18,3]"
CSI_DATA,395544,24:0b:2a:96:72:01,-49,11,1,7,0,1,1,0,1,0,1,-96,0,6,0,-123250094,0,83,0,128,1,"[83,-80,4,0,-2,26,-3,28,-3,30,-4,31,-5,30,-6,28,-7,27,-7,24,-7,21,-6,18,-4,16,-1,14,2,12,4,12,6,12,8,12,9,13,10,15,9,15,8,16,7,16,6,15,4,14,3,13,2,12,0,3,0,0,0,0,0,0,0,0,0,0,0,0,0,0,0,0,0,0,-5,1,-18,4,-18,3,-19,1,-19,0,-18,-1,-17,-1,-16,0,-14,1,-13,3,-12,6,-12,9,-13,12,-15,15,-18,17,-20,18,-23,18,-25,18,-26,17,-26,16,-25,15,-24,13,-21,13,-18,12,-15,12,-11,14,-8,16]"
CSI_DATA,395545,24:0b:2a:96:72:01,-49,11,1,7,0,1,1,0,1,0,1,-96,0,6,0,-123240515,0,83,0,128,1,"[83,-80,4,0,-7,-26,-7,-29,-7,-31,-6,-32,-5,-31,-3,-30,-2,-28,-1,-26,-1,-23,-1,-20,-3,-17,-5,-14,-7,-12,-9,-11,-11,-10,-13,-10,-14,-11,-15,-12,-15,-13,-14,-13,-13,-14,-11,-13,-10,-13,-8,-12,-7,-11,-2,-3,0,0,0,0,0,0,0,0,0,0,0,0,0,0,0,0,0,0,3,-3,15,-9,16,-8,17,-7,17,-6,17,-5,16,-4,14,-4,12,-5,11,-7,9,-9,9,-12,9,-16,10,-19,11,-21,13,-23,16,-24,18,-25,19,-25,20,-23,19,-22,18,-20,16,-19,14,-17,10,-17,6,-18,2,-19]"
CSI_DATA,395546,24:0b:2a:96:72:01,-48,11,1,7,0,1,1,0,1,0,1,-96,0,6,0,-123226805,0,83,0,128,1,"[83,-80,4,0,-6,23,-7,25,-7,26,-9,27,-9,26,-10,24,-11,23,-10,21,-9,18,-8,16,-6,14,-3,12,-1,11,2,11,4,12,5,12,6,13,6,14,6,15,5,15,4,15,3,14,2,13,1,12,0,11,0,2,0,0,0,0,0,0,0,0,0,0,0,0,0,0,0,0,0,0,-4,0,-17,1,-17,0,-17,-1,-17,-3,-16,-3,-15,-3,-14,-3,-13,-1,-12,1,-12,3,-13,6,-14,8,-16,11,-18,12,-21,13,-23,13,-25,13,-26,12,-26,11,-25,9,-23,8,-21,8,-19,8,-16,9,-12,11,-10,13]"
CSI_DATA,396020,24:0b:2a:96:72:01,-52,11,1,7,0,1,1,0,1,0,0,-98,0,6,0,-118583772,0,83,0,128,1,"[83,-80,4,0,25,9,17,7,7,6,-2,5,-10,5,-18,6,-25,7,-30,9,-34,10,-37,12,-38,13,-38,14,-37,14,-34,13,-31,12,-26,10,-21,7,-16,4,-10,1,-5,-2,-1,-5,3,-7,6,-9,9,-11,11,-12,3,-3,0,0,0,0,0,0,0,0,0,0,0,0,0,0,0,0,0,0,-1,-2,-3,-8,-5,-10,-7,-13,-9,-16,-11,-19,-13,-22,-14,-23,-15,-24,-15,-24,-15,-23,-13,-21,-11,-18,-9,-15,-5,-10,0,-5,5,0,11,4,17,9,23,12,29,14,34,16,39,17,43,17,45,17,45,15,45,14]"
CSI_DATA,396021,24:0b:2a:96:72:01,-53,11,1,7,0,1,1,0,1,0,0,-98,0,6,0,-118573346,0,83,0,128,1,"[83,-80,4,0,6,13,4,9,0,5,-3,1,-5,-3,-8,-7,-10,-10,-13,-12,-16,-13,-17,-14,-18,-15,-18,-14,-18,-14,-17,-13,-15,-12,-13,-10,-10,-8,-7,-7,-4,-5,-2,-3,1,-1,3,1,5,2,6,3,7,4,2,1,0,0,0,0,0,0,0,0,0,0,0,0,0,0,0,0,0,0,-1,-1,-1,-5,-1,-6,-1,-8,-1,-10,-2,-12,-1,-14,-2,-16,-2,-16,-2,-16,-2,-16,-2,-15,-1,-13,-1,-10,-1,-7,0,-3,1,1,2,5,4,9,5,12,7,16,8,19,9,22,11,24,12,24,12,24,12,23]"
CSI_DATA,396022,24:0b:2a:96:72:01,-52,11,1,7,0,1,1,0,1,0,0,-98,0,6,0,-118565669,0,83,0,128,1,"[83,-80,4,0,23,-15,16,-9,8,-4,1,2,-6,8,-12,14,-17,19,-21,23,-24,27,-25,29,-26,31,-26,31,-26,31,-24,29,-22,26,-19,21,-16,17,-12,11,-8,6,-4,2,0,-3,3,-7,6,-10,8,-12,10,-14,2,-4,0,0,0,0,0,0,0,0,0,0,0,0,0,0,0,0,0,0,-2,0,-8,0,-10,1,-14,3,-18,4,-21,5,-24,6,-26,6,-28,7,-28,7,-27,6,-25,5,-21,4,-16,3,-11,1,-4,-1,2,-3,9,-6,16,-9,23,-12,29,-15,34,-19,38,-22,41,-24,42,-26,41,-26,40,-26]"
CSI_DATA,396023,24:0b:2a:96:72:01,-52,11,1,7,0,1,1,0,1,0,1,-98,0,6,0,-118549687,0,83,0,128,1,"[83,-80,4,0,-20,-19,-14,-14,-7,-10,1,-6,8,-3,14,-1,21,0,26,0,30,0,33,-1,34,-2,35,-3,34,-3,32,-3,29,-3,25,-2,20,-1,15,-1,9,0,4,1,-1,3,-5,4,-8,5,-11,6,-13,6,-4,1,0,0,0,0,0,0,0,0,0,0,0,0,0,0,0,0,0,0,0,1,0,6,0,9,-1,12,-1,16,-1,19,-1,22,-1,25,-1,26,0,27,0,26,0,23,0,20,-1,16,-2,11,-3,5,-6,-1,-8,-7,-11,-13,-14,-18,-18,-23,-22,-27,-26,-30,-29,-31,-32,-32,-33,-31,-33,-30]"
CSI_DATA,396024,24:0b:2a:96:72:01,-51,11,1,7,0,1,1,0,1,0,1,-98,0,6,0,-118542608,0,83,0,128,1,"[83,-80,4,0,-31,5,-22,3,-12,1,-2,-1,8,-3,16,-5,24,-7,30,-9,35,-10,38,-11,40,-12,41,-12,40,-12,38,-11,35,-9,30,-7,24,-6,18,-4,11,-3,5,-2,-1,0,-7,0,-11,1,-15,1,-17,0,-5,0,0,0,0,0,0,0,0,0,0,0,0,0,0,0,0,0,0,0,1,-1,7,-1,10,-2,14,-3,18,-4,22,-5,25,-5,28,-6,30,-5,30,-5,29,-4,27,-3,23,-3,18,-2,11,-1,4,-1,-3,0,-12,0,-20,1,-27,3,-35,4,-41,6,-46,7,-50,8,-52,8,-52,8,-51,9]"
CSI_DATA,396025,24:0b:2a:96:72:01,-52,11,1,7,0,1,1,0,1,0,1,-98,0,6,0,-118529288,0,83,0,128,1,"[83,-80,4,0,19,18,13,13,6,7,0,2,-7,-2,-13,-6,-20,-9,-25,-11,-29,-12,-32,-13,-34,-14,-35,-13,-34,-13,-32,-12,-29,-11,-25,-10,-20,-8,-15,-6,-9,-4,-4,-3,1,-1,5,1,8,2,11,3,13,4,3,1,0,0,0,0,0,0,0,0,0,0,0,0,0,0,0,0,0,0,-1,-2,-4,-6,-5,-8,-6,-11,-8,-15,-10,-18,-11,-21,-12,-23,-12,-24,-12,-25,-12,-24,-11,-22,-9,-19,-7,-15,-5,-11,-2,-6,2,0,6,6,10,11,14,16,18,21,23,24,26,27,29,29,31,30,32,30,32,30]"
CSI_DATA,396026,24:0b:2a:96:72:01,-52,11,1,7,0,1,1,0,1,0,1,-98,0,6,0,-118521647,0,83,0,128,1,"[83,-80,4,0,-24,-13,-17,-9,-9,-5,-2,-1,5,3,11,7,17,10,22,12,25,14,28,16,30,17,30,18,30,17,28,17,25,16,21,14,17,11,12,8,8,5,4,2,-1,-2,-4,-5,-6,-7,-8,-10,-9,-12,-3,-3,0,0,0,0,0,0,0,0,0,0,0,0,0,0,0,0,0,0,1,0,5,2,8,2,11,3,14,4,18,6,20,7,22,8,23,9,24,10,22,10,20,10,17,9,14,7,9,4,4,2,-2,-2,-8,-5,-14,-8,-20,-12,-25,-14,-30,-17,-34,-19,-37,-20,-39,-21,-39,-21,-39,-21]"
CSI_DATA,396027,24:0b:2a:96:72:01,-51,11,1,7,0,1,1,0,1,0,1,-98,0,6,0,-118513071,0,83,0,128,1,"[83,-80,4,0,8,27,6,18,4,8,2,-2,1,-11,0,-19,-1,-27,-1,-33,-2,-38,-2,-41,-1,-44,-1,-44,0,-43,1,-40,2,-36,2,-31,2,-24,1,-17,0,-11,-2,-5,-4,0,-6,5,-8,9,-11,13,-12,14,-4,3,0,0,0,0,0,0,0,0,0,0,0,0,0,0,0,0,0,0,-2,-2,-6,-6,-8,-7,-11,-10,-14,-12,-16,-15,-18,-17,-20,-19,-20,-21,-20,-22,-19,-21,-16,-20,-14,-18,-11,-14,-8,-9,-4,-3,-1,3,3,11,6,18,9,25,11,31,14,37,15,41,16,45,17,47,17,47,16,47]"
CSI_DATA,396028,24:0b:2a:96:72:01,-51,11,1,7,0,1,1,0,1,0,1,-98,0,6,0,-118503967,0,83,0,128,1,"[83,-80,4,0,27,-1,18,-2,8,-4,-1,-6,-9,-7,-18,-9,-25,-12,-31,-14,-35,-16,-38,-17,-39,-18,-39,-19,-38,-20,-35,-19,-31,-18,-26,-16,-20,-13,-15,-9,-10,-5,-6,0,-2,4,1,8,3,12,4,15,4,18,1,4,0,0,0,0,0,0,0,0,0,0,0,0,0,0,0,0,0,0,-2,1,-7,4,-9,6,-11,9,-13,12,-16,14,-19,15,-21,16,-23,17,-23,16,-23,15,-21,13,-18,11,-14,8,-9,6,-3,4,4,2,12,0,19,-1,26,-3,33,-3,39,-4,44,-5,47,-5,49,-4,49,-4,48,-3]"
CSI_DATA,396403,24:0b:2a:96:72:01,-54,11,0,0,0,0,0,0,0,0,0,-96,0,6,0,-113545967,0,37,0,128,1,"[37,80,2,0,-18,-17,-19,-14,-20,-12,-21,-10,-22,-7,-23,-5,-24,-3,-25,0,-26,1,-27,2,-28,4,-28,6,-29,7,-29,8,-29,9,-28,9,-28,10,-27,10,-26,9,-25,9,-24,8,-23,8,-20,8,-19,9,-17,9,-5,2,0,0,0,0,0,0,0,0,0,0,0,0,0,0,0,0,0,0,-4,-2,-15,-6,-14,-9,-12,-13,-8,-15,-5,-17,-1,-18,4,-16,6,-13,9,-10,10,-7,9,-5,5,-3,0,-1,-5,-2,-8,-4,-9,-6,-12,-7,-16,-9,-16,-13,-16,-16,-16,-19,-17,-22,-17,-24,-17,-25,-17,-25,-16,-23]"
CSI_DATA,396404,24:0b:2a:96:72:01,-54,11,1,5,0,1,1,0,1,0,0,-96,0,6,0,-113527509,0,83,0,128,1,"[83,-80,4,0,-21,-16,-22,-13,-22,-10,-23,-6,-24,-3,-25,0,-26,3,-28,6,-28,8,-29,10,-30,12,-30,13,-30,15,-30,16,-29,17,-29,17,-28,18,-27,18,-26,18,-24,17,-22,16,-20,16,-18,16,-16,16,-15,16,-4,4,0,0,0,0,0,0,0,0,0,0,0,0,0,0,0,0,0,0,-4,-1,-16,-3,-15,-7,-13,-12,-9,-16,-5,-18,-1,-18,3,-19,7,-18,9,-17,10,-12,8,-6,6,-2,5,1,0,0,-5,0,-11,-3,-16,-7,-18,-10,-21,-13,-22,-16,-22,-19,-23,-23,-22,-24,-23,-24,-23,-23,-21,-24]"
CSI_DATA,396405,24:0b:2a:96:72:01,-55,11,1,3,0,1,1,0,1,0,0,-96,0,6,0,-113526499,0,83,0,128,1,"[83,-80,4,0,-9,74,0,73,6,74,12,75,19,72,23,70,29,72,40,67,48,57,59,53,67,54,71,57,76,60,84,57,94,54,93,53,82,50,71,47,68,43,68,39,65,39,58,36,53,32,45,29,41,25,10,5,0,0,0,0,0,0,0,0,0,0,0,0,0,0,0,0,0,0,5,8,15,35,-3,42,-20,44,-35,33,-49,26,-52,27,-50,18,-51,3,-50,-7,-46,-15,-41,-18,-35,-13,-20,-4,-1,3,5,13,2,31,0,50,-6,61,-16,62,-18,63,-19,70,-29,74,-42,75,-49,78,-49,80,-50,78]"
CSI_DATA,396406,24:0b:2a:96:72:01,-55,11,1,5,0,1,1,0,1,0,0,-96,0,6,0,-113500635,0,83,0,128,1,"[83,-80,4,0,-4,-24,-6,-20,-9,-15,-13,-11,-17,-7,-21,-4,-25,-1,-28,2,-30,4,-31,5,-32,7,-33,8,-32,9,-31,10,-29,11,-27,13,-24,14,-22,15,-20,16,-17,17,-15,18,-13,19,-11,19,-9,20,-8,20,-2,5,0,0,0,0,0,0,0,0,0,0,0,0,0,0,0,0,0,0,-3,-3,-9,-11,-6,-13,0,-15,6,-15,11,-13,16,-10,19,-5,22,-1,23,1,19,6,15,11,10,12,6,9,3,8,1,5,0,-1,-4,-7,-7,-12,-7,-17,-8,-22,-9,-28,-7,-33,-4,-36,-1,-37,1,-37,1,-36]"
CSI_DATA,396407,24:0b:2a:96:72:01,-54,11,1,4,0,1,1,0,1,0,0,-96,0,6,0,-113487029,0,83,0,128,1,"[83,-80,4,0,8,-20,5,-20,2,-20,0,-20,-3,-21,-6,-21,-8,-21,-10,-21,-12,-21,-14,-21,-16,-21,-18,-20,-19,-20,-20,-19,-21,-19,-22,-18,-22,-17,-22,-17,-22,-16,-21,-15,-20,-14,-19,-12,-18,-10,-17,-9,-17,-7,-5,-2,0,0,0,0,0,0,0,0,0,0,0,0,0,0,0,0,0,0,-1,-4,0,-13,4,-13,7,-12,11,-10,13,-6,14,-3,15,0,14,3,11,6,9,8,5,9,2,8,-1,5,-2,1,-1,-3,-1,-8,0,-13,4,-16,6,-18,9,-19,11,-20,12,-21,14,-23,16,-22,16,-21,16,-22]"
CSI_DATA,396408,24:0b:2a:96:72:01,-54,11,1,3,0,1,1,0,1,0,0,-96,0,6,0,-113486440,0,83,0,128,1,"[83,-80,4,0,20,-4,19,-6,18,-8,17,-11,16,-13,14,-15,13,-17,12,-19,11,-21,10,-23,10,-24,9,-26,8,-26,7,-27,6,-28,6,-27,5,-27,5,-27,4,-26,4,-25,3,-24,2,-22,1,-20,0,-19,-1,-19,-1,-5,0,0,0,0,0,0,0,0,0,0,0,0,0,0,0,0,0,0,2,-2,12,-6,14,-4,15,0,14,4,13,7,10,10,6,12,3,13,0,13,-3,10,-4,7,-3,4,-2,1,0,-1,3,-2,7,-4,12,-7,16,-7,18,-6,21,-5,24,-2,25,0,26,2,26,1,26,1,26,2]"
CSI_DATA,396409,24:0b:2a:96:72:01,-54,11,1,5,0,1,1,0,1,0,0,-96,0,6,0,-113284083,0,83,0,128,1,"[83,-80,4,0,-14,-23,-14,-17,-15,-10,-15,-3,-16,3,-17,9,-18,15,-19,20,-20,24,-20,27,-20,29,-19,30,-18,30,-16,30,-14,29,-11,28,-7,27,-3,25,0,24,4,23,6,21,9,20,11,18,13,17,15,17,3,4,0,0,0,0,0,0,0,0,0,0,0,0,0,0,0,0,0,0,-2,-3,-7,-13,-2,-14,3,-15,8,-16,13,-14,17,-11,20,-7,22,-2,26,3,25,7,21,10,16,10,11,9,7,7,4,6,-3,4,-7,-1,-10,-10,-14,-18,-17,-23,-19,-27,-20,-33,-19,-37,-18,-38,-17,-37,-14,-36]"
CSI_DATA,396410,24:0b:2a:96:72:01,-53,11,0,0,0,0,0,0,0,0,0,-96,0,6,0,-113280095,0,37,0,128,1,"[37,80,2,0,11,16,12,13,14,9,16,6,17,3,19,0,21,-4,22,-6,23,-8,24,-9,24,-11,25,-12,24,-13,24,-14,23,-15,22,-15,20,-16,18,-16,17,-17,16,-17,14,-18,13,-17,11,-17,9,-17,8,-17,1,-5,0,0,0,0,0,0,0,0,0,0,0,0,0,0,0,0,0,0,2,1,9,8,7,11,4,14,-1,16,-5,16,-8,14,-11,11,-14,7,-13,4,-12,2,-11,-1,-8,-3,-3,-4,1,-4,4,-1,7,2,8,4,10,8,13,12,15,16,14,18,13,21,12,23,11,25,11,25,10,25]"
CSI_DATA,396411,24:0b:2a:96:72:01,-55,11,1,7,0,1,1,0,1,0,0,-96,0,6,0,-113270039,0,83,0,128,1,"[83,-80,4,0,17,19,18,15,19,11,21,7,23,3,25,0,27,-3,29,-6,30,-8,31,-10,32,-11,32,-12,32,-13,32,-14,31,-15,30,-16,28,-16,26,-17,25,-18,23,-18,22,-18,20,-18,18,-18,16,-18,15,-19,3,-5,0,0,0,0,0,0,0,0,0,0,0,0,0,0,0,0,0,0,3,1,14,6,12,10,9,14,5,18,0,19,-5,19,-9,17,-12,14,-14,11,-14,7,-12,3,-9,0,-5,-1,-1,-1,4,0,9,3,12,6,15,10,18,14,19,18,20,22,20,25,19,28,18,29,17,29,17,28]"
CSI_DATA,396412,24:0b:2a:96:72:01,-54,11,1,5,0,1,1,0,1,0,0,-96,0,6,0,-113254004,0,83,0,128,1,"[83,-80,4,0,22,-14,15,-14,8,-15,2,-15,-5,-15,-11,-17,-17,-18,-21,-19,-25,-20,-28,-21,-30,-21,-31,-20,-32,-19,-31,-17,-30,-14,-29,-11,-27,-8,-26,-4,-25,-1,-24,3,-23,6,-21,9,-20,11,-19,13,-18,14,-5,3,0,0,0,0,0,0,0,0,0,0,0,0,0,0,0,0,0,0,2,-3,10,-8,12,-5,14,-1,13,5,11,12,9,18,6,21,1,23,-2,24,-6,23,-9,21,-11,18,-12,13,-11,8,-8,2,-1,-3,5,-9,9,-15,14,-18,20,-20,23,-22,28,-23,34,-22,36,-20,35,-18,35,-17]"
CSI_DATA,396413,24:0b:2a:96:72:01,-55,11,1,5,0,1,1,0,1,0,0,-96,0,6,0,-113237037,0,83,0,128,1,"[83,-80,4,0,14,-21,11,-21,7,-22,3,-23,0,-24,-4,-25,-7,-26,-9,-28,-10,-28,-12,-29,-14,-30,-15,-30,-16,-30,-16,-30,-17,-29,-17,-28,-18,-27,-18,-26,-18,-25,-18,-24,-18,-22,-18,-20,-17,-18,-17,-17,-18,-16,-5,-4,0,0,0,0,0,0,0,0,0,0,0,0,0,0,0,0,0,0,0,-4,1,-16,4,-16,8,-15,12,-12,16,-9,18,-5,19,1,17,7,14,9,10,7,7,7,6,9,3,6,1,0,-1,-6,-1,-11,2,-14,7,-17,10,-22,13,-25,16,-26,18,-26,20,-25,21,-24,20,-24,20,-25]"
CSI_DATA,396414,24:0b:2a:96:72:01,-54,11,1,4,0,1,1,0,1,0,0,-96,0,6,0,-113236691,0,83,0,128,1,"[83,-80,4,0,17,-8,14,-9,11,-11,9,-14,7,-16,4,-18,3,-20,1,-23,0,-24,-1,-25,-2,-26,-3,-26,-5,-26,-6,-26,-7,-25,-7,-24,-8,-23,-9,-22,-10,-21,-11,-20,-11,-19,-11,-17,-11,-16,-12,-14,-12,-14,-3,-4,0,0,0,0,0,0,0,0,0,0,0,0,0,0,0,0,0,0,2,-3,10,-8,12,-6,13,-2,14,2,13,6,11,9,8,12,5,13,3,12,0,11,-3,9,-4,6,-5,3,-3,0,2,-4,5,-7,8,-10,11,-11,15,-10,18,-10,21,-9,23,-8,24,-7,25,-6,24,-6,24,-6]"
CSI_DATA,396426,24:0b:2a:96:72:01,-55,11,1,7,0,1,1,0,1,0,0,-96,0,6,0,-112382214,0,83,0,128,1,"[83,-80,4,0,-22,-18,-22,-14,-23,-10,-23,-5,-24,-1,-25,3,-27,7,-28,10,-29,13,-30,15,-30,17,-30,19,-30,20,-29,21,-29,22,-27,22,-26,23,-24,23,-22,23,-20,23,-19,22,-17,21,-15,21,-13,21,-11,21,-3,5,0,0,0,0,0,0,0,0,0,0,0,0,0,0,0,0,0,0,-5,-1,-17,-3,-16,-8,-14,-13,-10,-18,-6,-20,0,-21,5,-21,9,-19,12,-15,13,-11,13,-7,10,-3,6,-1,2,0,-3,0,-9,-1,-14,-4,-18,-8,-21,-12,-24,-16,-25,-19,-26,-22,-26,-25,-25,-27,-25,-27,-24,-27]"
CSI_DATA,396427,24:0b:2a:96:72:01,-53,11,0,0,0,0,0,0,0,0,0,-96,0,6,0,-112376806,0,37,0,128,1,"[37,80,2,0,13,18,13,14,14,10,16,6,17,2,18,-2,20,-5,21,-9,22,-11,23,-13,23,-15,24,-16,23,-17,22,-17,21,-18,20,-18,18,-19,16,-19,15,-20,13,-20,11,-19,10,-19,8,-19,6,-19,5,-19,1,-5,0,0,0,0,0,0,0,0,0,0,0,0,0,0,0,0,0,0,3,1,11,6,9,9,6,12,1,15,-3,16,-8,16,-12,14,-15,11,-17,7,-17,4,-15,0,-13,-2,-9,-3,-5,-3,-1,-2,4,0,7,3,10,7,13,11,15,15,16,19,16,22,16,25,15,26,15,27,14,27]"
CSI_DATA,396428,24:0b:2a:96:72:01,-55,11,1,7,0,1,1,0,1,0,0,-96,0,6,0,-112361478,0,83,0,128,1,"[83,-80,4,0,13,24,15,21,17,17,19,14,21,11,23,8,26,5,28,3,30,0,31,-1,33,-3,34,-4,34,-5,34,-7,34,-7,34,-8,33,-9,32,-10,31,-10,29,-11,28,-11,25,-11,23,-11,22,-12,21,-12,5,-3,0,0,0,0,0,0,0,0,0,0,0,0,0,0,0,0,0,0,3,0,14,4,13,8,10,13,5,16,0,18,-5,18,-10,16,-13,13,-15,10,-15,6,-14,2,-11,-1,-7,-2,-3,-1,2,0,6,3,9,6,12,11,14,15,15,20,15,24,14,27,13,29,13,31,13,32,13,32]"
CSI_DATA,396429,24:0b:2a:96:72:01,-55,11,1,7,0,1,1,0,1,0,0,-96,0,6,0,-112353002,0,83,0,128,1,"[83,-80,4,0,19,-15,15,-16,11,-18,7,-19,3,-21,0,-23,-4,-25,-6,-27,-9,-28,-11,-29,-13,-30,-14,-30,-15,-30,-15,-29,-16,-29,-17,-27,-17,-26,-18,-24,-18,-23,-19,-21,-19,-19,-19,-17,-19,-14,-19,-13,-19,-12,-5,-3,0,0,0,0,0,0,0,0,0,0,0,0,0,0,0,0,0,0,1,-4,5,-14,9,-12,13,-9,16,-5,17,0,18,5,17,10,14,13,10,15,6,15,3,14,0,11,-2,7,-2,3,-1,-2,1,-7,5,-11,9,-14,13,-16,17,-18,21,-19,24,-19,27,-19,28,-18,29,-17,29,-17]"
CSI_DATA,396430,24:0b:2a:96:72:01,-55,11,1,7,0,1,1,0,1,0,0,-96,0,6,0,-112345557,0,83,0,128,1,"[83,-80,4,0,-7,28,-3,23,2,19,8,14,14,10,19,7,24,3,28,1,31,-1,34,-3,36,-5,37,-6,36,-7,35,-8,33,-10,30,-11,27,-13,24,-15,21,-17,17,-19,14,-20,12,-21,9,-22,7,-23,5,-24,1,-6,0,0,0,0,0,0,0,0,0,0,0,0,0,0,0,0,0,0,0,3,-1,14,-5,14,-11,12,-16,8,-20,3,-23,-3,-24,-9,-23,-15,-20,-19,-17,-21,-12,-23,-8,-22,-4,-19,0,-14,2,-8,3,-1,3,6,2,13,0,20,-2,27,-5,32,-8,36,-10,39,-12,40,-14,40,-14,40]"
CSI_DATA,396431,24:0b:2a:96:72:01,-55,11,1,7,0,1,1,0,1,0,0,-96,0,6,0,-112336016,0,83,0,128,1,"[83,-80,4,0,-14,-26,-15,-21,-17,-15,-19,-9,-22,-4,-24,1,-27,5,-29,9,-31,12,-32,14,-33,16,-34,18,-33,19,-32,19,-30,20,-27,20,-25,21,-22,22,-19,22,-17,23,-14,23,-12,23,-9,23,-7,23,-6,23,-2,6,0,0,0,0,0,0,0,0,0,0,0,0,0,0,0,0,0,0,-4,-2,-13,-9,-10,-13,-5,-17,1,-20,7,-20,13,-18,18,-16,22,-12,23,-7,23,-2,20,2,17,4,12,5,6,4,1,2,-5,-1,-9,-6,-13,-12,-16,-18,-18,-23,-18,-28,-18,-33,-18,-36,-17,-38,-16,-39,-15,-39]"
CSI_DATA,396432,24:0b:2a:96:72:01,-55,11,1,7,0,1,1,0,1,0,0,-96,0,6,0,-112320740,0,83,0,128,1,"[83,-80,4,0,-12,24,-9,24,-5,23,-1,23,3,23,7,24,10,24,13,25,16,26,18,26,19,26,21,26,22,26,23,26,24,25,24,24,25,23,24,22,24,21,24,19,23,17,22,16,21,14,20,12,20,10,5,2,0,0,0,0,0,0,0,0,0,0,0,0,0,0,0,0,0,0,0,4,1,16,-3,16,-8,16,-13,14,-17,11,-19,6,-20,1,-19,-3,-17,-7,-13,-9,-9,-9,-6,-8,-2,-5,0,-1,0,4,0,9,-2,14,-4,18,-6,22,-9,24,-12,27,-15,28,-18,28,-19,28,-20,27,-20,27]"
CSI_DATA,396433,24:0b:2a:96:72:01,-56,11,1,7,0,1,1,0,1,0,0,-96,0,6,0,-112290008,0,83,0,128,1,"[83,-80,4,0,-27,-5,-26,-2,-26,1,-25,4,-24,7,-24,10,-24,14,-24,17,-24,19,-23,21,-23,23,-23,24,-22,26,-22,27,-21,27,-21,28,-20,28,-19,27,-19,27,-17,26,-16,25,-14,23,-12,22,-11,21,-10,21,-3,5,0,0,0,0,0,0,0,0,0,0,0,0,0,0,0,0,0,0,-4,1,-16,5,-17,2,-18,-4,-18,-9,-15,-13,-12,-16,-7,-18,-3,-18,1,-16,3,-14,4,-10,4,-6,1,-3,-2,0,-6,1,-11,2,-15,2,-20,0,-23,-2,-26,-4,-29,-7,-30,-9,-31,-10,-31,-11,-31,-12,-30,-11]"
CSI_DATA,396434,24:0b:2a:96:72:01,-55,11,1,7,0,1,1,0,1,0,0,-96,0,6,0,-112273216,0,83,0,128,1,"[83,-80,4,0,11,25,13,21,15,16,18,12,21,8,24,4,27,1,30,-2,32,-4,33,-5,34,-7,35,-8,35,-9,35,-10,34,-11,32,-12,31,-13,29,-14,27,-15,25,-16,23,-17,21,-17,19,-17,17,-18,16,-19,4,-5,0,0,0,0,0,0,0,0,0,0,0,0,0,0,0,0,0,0,3,1,12,9,9,12,5,16,0,19,-6,19,-11,18,-16,15,-19,12,-20,7,-20,3,-17,-1,-14,-3,-9,-4,-4,-3,1,0,5,3,9,8,12,13,14,18,15,23,15,28,14,31,13,34,12,36,11,36,11,36]"
CSI_DATA,396435,24:0b:2a:96:72:01,-56,11,1,7,0,1,1,0,1,0,0,-96,0,6,0,-112259361,0,83,0,128,1,"[83,-80,4,0,-24,14,-22,15,-19,17,-17,19,-14,21,-11,23,-9,25,-7,27,-6,28,-5,30,-3,31,-1,32,0,33,1,34,2,34,3,34,3,34,3,34,4,33,4,32,4,30,4,28,4,25,5,24,6,23,1,5,0,0,0,0,0,0,0,0,0,0,0,0,0,0,0,0,0,0,-1,3,-5,15,-8,14,-13,11,-16,7,-18,3,-19,-2,-18,-7,-15,-10,-11,-12,-7,-12,-4,-11,-2,-9,0,-5,-1,-1,-2,3,-5,7,-9,10,-13,12,-16,13,-20,14,-23,14,-26,13,-28,13,-30,12,-30,12,-30,12]"
CSI_DATA,396719,24:0b:2a:96:72:01,-52,11,1,5,0,1,1,0,1,0,0,-96,0,6,0,-108051881,0,83,0,128,1,"[83,-80,4,0,-3,-5,-10,-1,-16,4,-22,9,-24,13,-21,15,-23,18,-27,21,-25,18,-21,15,-21,17,-21,20,-17,16,-12,14,-9,16,-5,16,-1,13,5,12,11,12,14,10,15,8,20,8,24,8,25,8,26,8,6,2,0,0,0,0,0,0,0,0,0,0,0,0,0,0,0,0,0,0,1,0,5,2,7,5,8,10,8,14,7,18,6,22,4,24,2,25,-1,25,-3,23,-5,19,-6,14,-6,8,-6,2,-4,-5,-2,-12,1,-20,4,-27,6,-33,8,-34,11,-33,13,-34,13,-37,13,-35,12,-30,11,-27]"
CSI_DATA,396720,24:0b:2a:96:72:01,-52,11,1,4,0,1,1,0,1,0,0,-96,0,6,0,-108049097,0,83,0,128,1,"[83,-80,4,0,2,5,3,-4,6,-14,11,-23,14,-29,14,-35,13,-39,8,-41,3,-39,4,-41,4,-41,0,-35,-4,-28,-6,-24,-8,-20,-10,-15,-12,-9,-14,-3,-16,2,-17,7,-16,9,-15,10,-15,16,-19,19,-22,15,-6,3,0,0,0,0,0,0,0,0,0,0,0,0,0,0,0,0,0,0,-2,-1,-8,-4,-9,-8,-11,-13,-11,-19,-11,-23,-9,-27,-7,-29,-5,-31,-2,-30,0,-28,3,-23,5,-18,6,-11,6,-4,6,4,5,12,2,20,2,25,4,32,4,38,2,41,1,42,0,42,-1,40,-2,38,-3,35]"
CSI_DATA,396955,24:0b:2a:96:72:01,-46,11,1,7,0,1,1,0,1,0,0,-96,0,6,0,-105325714,0,83,0,128,1,"[83,-80,4,0,25,-25,26,-27,25,-28,23,-28,20,-27,16,-24,13,-21,10,-17,8,-11,6,-6,5,0,4,6,4,12,5,17,6,21,7,23,8,25,9,25,9,24,9,22,9,20,8,17,6,13,4,10,3,7,0,1,0,0,0,0,0,0,0,0,0,0,0,0,0,0,0,0,0,0,0,3,2,15,2,15,1,14,1,13,0,12,-1,9,-3,6,-6,3,-8,-1,-11,-4,-14,-7,-18,-10,-21,-12,-23,-13,-25,-14,-26,-14,-26,-13,-25,-11,-23,-10,-20,-8,-15,-7,-9,-7,-3,-8,3,-10,9,-12,14,-15]"
CSI_DATA,396956,24:0b:2a:96:72:01,-46,11,1,7,0,1,1,0,1,0,0,-96,0,6,0,-105318637,0,83,0,128,1,"[83,-80,4,0,4,-40,2,-42,1,-42,-1,-40,-3,-37,-4,-32,-4,-27,-4,-21,-2,-15,1,-9,5,-3,9,1,14,5,18,9,22,10,25,11,27,12,27,11,27,10,25,9,22,7,19,6,15,5,11,4,8,3,1,0,0,0,0,0,0,0,0,0,0,0,0,0,0,0,0,0,0,0,2,3,11,13,12,13,11,13,10,12,8,10,5,9,2,7,-3,5,-8,4,-13,3,-18,2,-23,2,-27,2,-30,3,-32,4,-32,5,-32,6,-30,6,-27,7,-23,6,-19,3,-14,-1,-9,-6,-5,-12,-1,-18,2,-24]"
CSI_DATA,396957,24:0b:2a:96:72:01,-46,11,1,7,0,1,1,0,1,0,0,-96,0,6,0,-105305073,0,83,0,128,1,"[83,-80,4,0,23,29,26,29,27,28,27,25,26,22,24,18,21,14,16,11,11,8,5,6,-1,5,-8,5,-13,5,-18,6,-23,7,-25,8,-27,9,-27,9,-26,10,-25,10,-22,9,-18,8,-15,6,-12,5,-9,3,-3,0,0,0,0,0,0,0,0,0,0,0,0,0,0,0,0,0,0,0,-5,0,-17,0,-17,0,-16,-1,-15,-1,-13,-2,-10,-2,-7,-4,-3,-6,1,-9,4,-12,8,-15,11,-18,14,-20,15,-23,16,-25,15,-26,14,-26,13,-26,11,-23,9,-20,8,-15,8,-9,8,-3,9,4,12,10,14,15]"
CSI_DATA,396958,24:0b:2a:96:72:01,-46,11,1,7,0,1,1,0,1,0,0,-96,0,6,0,-105294950,0,83,0,128,1,"[83,-80,4,0,1,37,3,39,4,39,6,37,7,34,8,30,7,25,6,19,3,13,0,8,-5,4,-10,0,-14,-3,-19,-6,-23,-8,-26,-8,-27,-8,-28,-8,-28,-7,-26,-6,-24,-5,-20,-4,-16,-4,-12,-3,-10,-3,-3,-1,0,0,0,0,0,0,0,0,0,0,0,0,0,0,0,0,0,0,-4,-3,-13,-11,-13,-11,-13,-11,-12,-10,-10,-10,-7,-8,-3,-7,1,-6,6,-6,10,-6,15,-6,20,-6,23,-7,26,-8,28,-9,28,-11,28,-12,26,-12,23,-12,19,-10,16,-7,12,-3,8,3,5,9,2,16,1,21]"
CSI_DATA,396959,24:0b:2a:96:72:01,-46,11,1,7,0,1,1,0,1,0,0,-96,0,6,0,-105288273,0,83,0,128,1,"[83,-80,4,0,33,21,35,21,36,19,35,16,33,13,29,10,25,7,19,6,13,5,6,5,-1,5,-7,7,-13,9,-17,12,-21,14,-23,16,-24,18,-24,18,-23,18,-21,18,-19,16,-15,14,-12,11,-10,7,-8,5,-2,1,0,0,0,0,0,0,0,0,0,0,0,0,0,0,0,0,0,0,-5,1,-18,5,-18,5,-17,5,-16,4,-14,3,-12,2,-9,-1,-5,-4,-2,-9,2,-13,4,-17,6,-22,8,-25,9,-28,9,-31,8,-32,7,-32,5,-31,4,-27,3,-23,4,-18,5,-12,8,-6,11,1,16,7,19,12]"
CSI_DATA,396960,24:0b:2a:96:72:01,-46,11,1,7,0,1,1,0,1,0,0,-96,0,6,0,-105280453,0,83,0,128,1,"[83,-80,4,0,23,32,25,32,27,31,27,28,26,25,23,20,20,16,16,12,10,9,4,7,-2,5,-9,4,-15,4,-21,5,-25,6,-28,7,-29,8,-30,8,-29,8,-27,8,-24,8,-20,7,-16,5,-12,4,-10,2,-3,0,0,0,0,0,0,0,0,0,0,0,0,0,0,0,0,0,0,0,-5,-1,-19,0,-19,-1,-18,-1,-17,-1,-14,-2,-11,-2,-8,-4,-3,-6,1,-9,5,-12,9,-15,13,-18,16,-21,18,-24,18,-26,18,-27,17,-28,15,-27,13,-24,11,-20,10,-15,9,-9,9,-3,10,4,12,12,14,18]"
CSI_DATA,396961,24:0b:2a:96:72:01,-46,11,1,7,0,1,1,0,1,0,0,-96,0,6,0,-105273311,0,83,0,128,1,"[83,-80,4,0,-2,-37,-3,-39,-4,-39,-6,-37,-7,-34,-8,-30,-8,-25,-6,-20,-4,-14,-1,-9,3,-4,8,0,12,3,17,6,21,8,24,9,25,9,26,9,26,8,24,7,22,6,18,5,15,4,11,3,8,2,1,0,0,0,0,0,0,0,0,0,0,0,0,0,0,0,0,0,0,0,3,2,13,9,13,9,12,9,11,8,9,8,6,7,3,6,-2,5,-6,5,-11,5,-15,5,-20,6,-23,7,-26,8,-28,9,-28,10,-28,11,-26,11,-23,10,-20,9,-16,6,-12,2,-9,-3,-6,-9,-3,-16,-2,-22]"
CSI_DATA,396962,24:0b:2a:96:72:01,-46,11,1,7,0,1,1,0,1,0,0,-96,0,6,0,-105262255,0,83,0,128,1,"[83,-80,4,0,-11,33,-11,35,-9,36,-7,35,-5,32,-3,28,-2,24,-2,18,-2,12,-3,7,-5,1,-8,-4,-11,-8,-15,-12,-18,-15,-20,-17,-21,-17,-22,-18,-22,-17,-21,-15,-19,-13,-16,-11,-13,-9,-10,-7,-7,-6,-2,-2,0,0,0,0,0,0,0,0,0,0,0,0,0,0,0,0,0,0,-3,-4,-9,-14,-9,-14,-9,-13,-8,-13,-7,-11,-4,-10,-1,-8,2,-5,6,-4,10,-2,15,-1,19,0,23,1,26,0,27,0,28,-1,28,-2,26,-3,24,-3,20,-2,16,-1,11,2,6,5,1,10,-3,15,-6,19]"
CSI_DATA,396963,24:0b:2a:96:72:01,-45,11,1,7,0,1,1,0,1,0,0,-96,0,6,0,-105254693,0,83,0,128,1,"[83,-80,4,0,-38,10,-39,12,-38,13,-36,15,-33,15,-28,14,-24,13,-19,10,-14,6,-9,1,-5,-4,-2,-9,0,-15,1,-20,2,-24,2,-27,2,-29,1,-30,1,-29,0,-27,-1,-25,-1,-21,-1,-17,0,-13,0,-10,0,-3,0,0,0,0,0,0,0,0,0,0,0,0,0,0,0,0,0,0,1,-4,6,-16,6,-16,6,-15,6,-14,5,-12,6,-9,6,-5,6,0,7,4,8,9,9,14,11,18,12,21,14,24,16,25,17,25,17,25,17,23,16,20,13,17,10,13,4,11,-2,9,-9,7,-16,6,-22,6]"
CSI_DATA,397143,24:0b:2a:96:72:01,-49,11,1,7,0,1,1,0,1,0,0,-96,0,6,0,-101528717,0,83,0,128,1,"[83,-80,4,0,-7,7,-13,8,-18,9,-21,11,-24,12,-26,13,-27,14,-27,14,-25,14,-24,13,-22,13,-20,11,-18,9,-16,6,-13,3,-10,0,-7,-2,-4,-5,-1,-7,1,-9,3,-11,5,-12,6,-12,7,-12,8,-12,2,-3,0,0,0,0,0,0,0,0,0,0,0,0,0,0,0,0,0,0,-4,-4,-16,-14,-17,-14,-18,-15,-19,-15,-19,-14,-18,-13,-16,-11,-13,-9,-10,-7,-5,-4,0,-1,5,1,11,4,17,6,22,8,26,9,30,9,33,8,35,7,35,6,35,5,33,4,30,3,26,2,20,2,16,2]"
CSI_DATA,397144,24:0b:2a:96:72:01,-49,11,1,7,0,1,1,0,1,0,0,-96,0,6,0,-101518076,0,83,0,128,1,"[83,-80,4,0,0,-10,4,-14,7,-18,9,-22,10,-24,11,-26,11,-27,10,-28,10,-27,9,-26,8,-24,8,-22,7,-19,7,-15,7,-11,6,-7,6,-3,5,0,5,4,4,7,3,9,2,11,2,12,1,13,0,14,0,3,0,0,0,0,0,0,0,0,0,0,0,0,0,0,0,0,0,0,4,0,20,2,21,2,22,2,22,1,22,1,21,0,18,0,14,0,10,0,5,0,-1,1,-7,1,-13,2,-18,4,-23,5,-27,7,-30,9,-32,12,-33,14,-33,15,-31,16,-29,15,-26,14,-23,12,-18,9,-15,6]"
CSI_DATA,397145,24:0b:2a:96:72:01,-49,11,1,7,0,1,1,0,1,0,0,-96,0,6,0,-101508508,0,83,0,128,1,"[83,-80,4,0,-10,0,-14,-3,-18,-6,-22,-8,-24,-9,-26,-9,-28,-9,-28,-9,-28,-8,-27,-8,-25,-7,-22,-7,-19,-6,-16,-6,-12,-6,-8,-6,-4,-6,-1,-6,3,-6,6,-6,8,-5,10,-5,12,-4,13,-4,14,-3,3,-1,0,0,0,0,0,0,0,0,0,0,0,0,0,0,0,0,0,0,0,-5,2,-20,2,-21,2,-22,2,-23,1,-23,0,-21,0,-19,0,-15,0,-11,0,-6,1,-1,2,5,2,11,4,16,6,21,8,25,10,28,13,30,14,31,16,30,17,29,16,27,15,25,13,21,10,17,7,14]"
CSI_DATA,397146,24:0b:2a:96:72:01,-49,11,1,7,0,1,1,0,1,0,0,-96,0,6,0,-101497553,0,83,0,128,1,"[83,-80,4,0,-5,-9,-5,-15,-5,-19,-5,-23,-5,-25,-6,-27,-6,-28,-7,-28,-7,-27,-6,-25,-6,-24,-5,-21,-4,-19,-2,-16,0,-13,2,-10,3,-7,5,-3,6,0,7,2,8,5,8,7,8,8,8,9,8,10,2,2,0,0,0,0,0,0,0,0,0,0,0,0,0,0,0,0,0,0,4,-2,18,-8,18,-9,19,-10,19,-10,18,-11,17,-10,14,-9,11,-7,7,-5,3,-2,-1,1,-5,5,-10,9,-14,13,-16,17,-18,20,-20,23,-20,26,-19,28,-19,28,-17,28,-15,27,-13,24,-11,20,-10,15,-8,11]"
CSI_DATA,397147,24:0b:2a:96:72:01,-49,11,1,7,0,1,1,0,1,0,0,-96,0,6,0,-101476937,0,83,0,128,1,"[83,-80,4,0,-11,-8,-14,-13,-17,-17,-19,-20,-20,-22,-22,-23,-22,-23,-22,-23,-21,-22,-20,-21,-18,-20,-15,-18,-12,-16,-9,-14,-5,-12,-2,-10,2,-8,5,-5,8,-3,10,-1,11,1,12,3,12,5,12,7,12,8,3,2,0,0,0,0,0,0,0,0,0,0,0,0,0,0,0,0,0,0,1,-6,4,-23,4,-24,4,-25,3,-25,2,-25,1,-23,1,-20,0,-15,-1,-10,-1,-4,-1,2,-1,9,-1,15,-1,22,0,27,1,31,3,35,5,37,6,38,7,37,8,35,8,33,7,29,6,24,3,18,1,13]"
CSI_DATA,397148,24:0b:2a:96:72:01,-49,11,1,7,0,1,1,0,1,0,0,-96,0,6,0,-101470260,0,83,0,128,1,"[83,-80,4,0,7,-7,12,-8,17,-9,21,-10,23,-11,25,-11,26,-12,26,-12,24,-12,23,-11,21,-10,19,-9,17,-7,15,-4,12,-2,9,1,6,3,3,4,0,6,-3,8,-5,9,-7,9,-8,9,-10,9,-11,9,-3,2,0,0,0,0,0,0,0,0,0,0,0,0,0,0,0,0,0,0,3,3,15,13,16,13,17,13,17,13,17,12,17,11,15,10,12,7,9,5,4,2,-1,-1,-6,-3,-11,-6,-17,-8,-22,-10,-26,-11,-30,-11,-32,-10,-34,-9,-35,-8,-34,-7,-32,-6,-29,-5,-25,-4,-20,-4,-15,-4]"
CSI_DATA,397149,24:0b:2a:96:72:01,-42,11,0,0,0,0,0,0,0,0,0,-96,0,6,0,-101465153,0,37,0,128,1,"[37,80,2,0,3,-5,5,-6,7,-7,9,-8,10,-9,10,-9,10,-10,10,-10,10,-9,9,-9,8,-8,7,-7,7,-6,6,-4,5,-3,4,-1,3,1,2,2,2,3,1,4,0,5,-1,6,-1,6,-2,6,-3,6,-1,1,0,0,0,0,0,0,0,0,0,0,0,0,0,0,0,0,0,0,1,2,6,8,6,8,6,8,7,8,7,7,7,6,6,5,4,4,3,2,1,1,-2,-1,-4,-2,-7,-3,-9,-5,-12,-5,-14,-5,-16,-5,-17,-4,-18,-4,-18,-3,-17,-3,-16,-2,-14,-2,-12,-2,-9,-2,-7,-3]"
CSI_DATA,397280,24:0b:2a:96:72:01,-49,11,1,7,0,1,1,0,1,0,1,-95,0,6,0,-99409734,0,83,0,128,1,"[83,-80,4,0,5,-8,10,-11,14,-13,17,-15,18,-16,19,-17,20,-18,20,-18,19,-17,18,-15,16,-14,15,-11,13,-8,12,-5,10,-2,8,1,6,4,4,6,2,8,0,9,-2,10,-4,11,-5,10,-6,10,-7,9,-2,2,0,0,0,0,0,0,0,0,0,0,0,0,0,0,0,0,0,0,4,2,18,9,19,9,20,9,21,8,21,8,20,7,17,6,14,4,10,2,5,1,0,-1,-6,-2,-12,-3,-17,-4,-23,-4,-27,-4,-31,-3,-33,-2,-34,0,-34,1,-33,2,-31,3,-28,3,-23,3,-18,1,-14,0]"
CSI_DATA,397281,24:0b:2a:96:72:01,-49,11,1,7,0,1,1,0,1,0,0,-95,0,6,0,-99397638,0,83,0,128,1,"[83,-80,4,0,7,3,10,8,13,11,16,14,18,15,19,16,20,17,19,17,18,16,17,15,15,14,12,13,9,12,6,11,3,10,-1,8,-4,6,-7,4,-9,2,-10,0,-11,-1,-11,-3,-11,-4,-11,-6,-11,-7,-3,-2,0,0,0,0,0,0,0,0,0,0,0,0,0,0,0,0,0,0,-1,4,-3,20,-3,21,-3,22,-2,23,-2,23,-1,22,0,19,0,16,0,11,0,6,0,1,0,-5,0,-11,-1,-17,-2,-22,-4,-27,-5,-30,-7,-32,-9,-33,-10,-33,-11,-32,-11,-30,-10,-27,-9,-23,-7,-18,-5,-14]"
CSI_DATA,397282,24:0b:2a:96:72:01,-49,11,1,7,0,1,1,0,1,0,0,-95,0,6,0,-99383099,0,83,0,128,1,"[83,-80,4,0,-9,-5,-13,-10,-15,-14,-18,-17,-19,-19,-21,-20,-22,-21,-22,-21,-20,-20,-18,-20,-16,-19,-13,-17,-10,-16,-7,-14,-3,-12,0,-10,4,-8,6,-6,9,-3,10,-1,11,1,11,2,11,4,11,6,11,7,2,1,0,0,0,0,0,0,0,0,0,0,0,0,0,0,0,0,0,0,1,-6,5,-22,5,-24,5,-25,4,-26,4,-26,3,-25,2,-22,1,-18,0,-13,-1,-8,-1,-2,-2,5,-2,12,-2,18,-1,24,0,29,2,33,3,35,5,36,7,36,8,35,8,32,8,29,6,25,4,19,2,15]"
CSI_DATA,397283,24:0b:2a:96:72:01,-49,11,1,7,0,1,1,0,1,0,0,-95,0,6,0,-99368528,0,83,0,128,1,"[83,-80,4,0,-10,-1,-14,-4,-18,-7,-21,-8,-23,-9,-24,-9,-25,-10,-25,-10,-24,-10,-22,-9,-20,-9,-17,-9,-14,-9,-11,-9,-7,-9,-3,-9,0,-8,3,-7,6,-6,8,-5,10,-4,10,-3,11,-2,11,0,11,2,2,0,0,0,0,0,0,0,0,0,0,0,0,0,0,0,0,0,0,0,-1,-5,-5,-20,-5,-22,-6,-23,-7,-23,-7,-22,-7,-21,-7,-19,-6,-15,-5,-11,-3,-6,-1,-1,1,5,3,10,6,15,8,20,11,23,14,26,16,27,18,28,19,27,19,25,19,23,17,21,15,18,11,14,8,11]"
CSI_DATA,397284,24:0b:2a:96:72:01,-49,11,1,7,0,1,1,0,1,0,0,-95,0,6,0,-99346553,0,83,0,128,1,"[83,-80,4,0,-2,8,-4,13,-6,17,-8,20,-9,22,-9,23,-10,24,-9,24,-9,22,-9,21,-9,19,-9,16,-9,13,-9,9,-9,6,-8,2,-8,-1,-7,-4,-6,-7,-4,-9,-3,-11,-1,-12,0,-12,1,-12,2,-12,0,-3,0,0,0,0,0,0,0,0,0,0,0,0,0,0,0,0,0,0,-5,1,-19,7,-20,8,-21,9,-22,10,-21,10,-20,10,-18,9,-14,8,-10,6,-5,4,-1,1,4,-2,9,-5,15,-8,19,-11,21,-14,24,-17,25,-19,26,-21,25,-23,24,-23,22,-22,19,-20,16,-17,13,-13,10,-10]"
CSI_DATA,397285,24:0b:2a:96:72:01,-49,11,1,7,0,1,1,0,1,0,0,-95,0,6,0,-99336578,0,83,0,128,1,"[83,-80,4,0,-2,-9,-1,-14,0,-19,1,-22,1,-25,1,-26,1,-27,1,-26,2,-25,2,-24,3,-21,3,-19,4,-16,5,-12,6,-8,6,-5,7,-1,7,2,6,5,5,7,4,9,3,10,2,11,0,11,-1,11,-1,2,0,0,0,0,0,0,0,0,0,0,0,0,0,0,0,0,0,0,3,-4,14,-15,15,-16,15,-17,15,-18,15,-18,14,-17,12,-16,9,-14,6,-11,2,-7,-1,-2,-5,2,-9,7,-12,11,-15,16,-17,20,-18,23,-18,26,-18,28,-17,29,-16,29,-15,27,-13,24,-11,20,-9,16,-7,11]"
